ISO-10303-21;
HEADER;
/* Generated by software containing ST-Developer
 * from STEP Tools, Inc. (www.steptools.com) 
 */

FILE_DESCRIPTION(
/* description */ (''),
/* implementation_level */ '2;1');

FILE_NAME(
/* name */ 'case.step',
/* time_stamp */ '2026-09-28T17:54:00+02:00',
/* author */ (''),
/* organization */ (''),
/* preprocessor_version */ 'ST-DEVELOPER v20.2',
/* originating_system */ 'Autodesk Translation Framework v15.15.0.0',
/* authorisation */ '');

FILE_SCHEMA (('AUTOMOTIVE_DESIGN { 1 0 10303 214 3 1 1 }'));
ENDSEC;

DATA;
#10=MECHANICAL_DESIGN_GEOMETRIC_PRESENTATION_REPRESENTATION('',(#13),#3111);
#11=SHAPE_REPRESENTATION_RELATIONSHIP('SRR','None',#3117,#12);
#12=ADVANCED_BREP_SHAPE_REPRESENTATION('',(#14),#3110);
#13=STYLED_ITEM('',(#3127),#14);
#14=MANIFOLD_SOLID_BREP('Body6',#1839);
#15=CONICAL_SURFACE('',#1875,2.45,0.785398163397448);
#16=CONICAL_SURFACE('',#1879,2.45,0.785398163397453);
#17=CONICAL_SURFACE('',#1883,2.45,0.785398163397447);
#18=CONICAL_SURFACE('',#1887,3.54999999999999,0.785398163397442);
#19=CONICAL_SURFACE('',#1891,2.45,0.785398163397448);
#20=CONICAL_SURFACE('',#1895,2.45,0.785398163397452);
#21=CONICAL_SURFACE('',#1899,2.45,0.785398163397452);
#22=CONICAL_SURFACE('',#1903,2.45,0.785398163397448);
#23=CONICAL_SURFACE('',#1907,2.45,0.785398163397453);
#24=CYLINDRICAL_SURFACE('',#1866,0.950000000000024);
#25=CYLINDRICAL_SURFACE('',#1872,0.949999999999989);
#26=CYLINDRICAL_SURFACE('',#1911,3.);
#27=CYLINDRICAL_SURFACE('',#1914,3.);
#28=CYLINDRICAL_SURFACE('',#1917,3.);
#29=CYLINDRICAL_SURFACE('',#1924,3.);
#30=CYLINDRICAL_SURFACE('',#1929,0.899999999999963);
#31=CYLINDRICAL_SURFACE('',#1932,0.899999999999971);
#32=CYLINDRICAL_SURFACE('',#1935,0.899999999999963);
#33=CYLINDRICAL_SURFACE('',#1938,0.899999999999963);
#34=CYLINDRICAL_SURFACE('',#1940,3.);
#35=CYLINDRICAL_SURFACE('',#1943,3.);
#36=CYLINDRICAL_SURFACE('',#1945,3.);
#37=CYLINDRICAL_SURFACE('',#1951,3.);
#38=CYLINDRICAL_SURFACE('',#1953,3.);
#39=CYLINDRICAL_SURFACE('',#1956,2.50000000000001);
#40=CYLINDRICAL_SURFACE('',#1959,2.50000000000002);
#41=CYLINDRICAL_SURFACE('',#1963,3.69999999999999);
#42=CYLINDRICAL_SURFACE('',#1966,3.70000000000001);
#43=CYLINDRICAL_SURFACE('',#1969,3.70000000000001);
#44=CYLINDRICAL_SURFACE('',#1972,3.70000000000001);
#45=CYLINDRICAL_SURFACE('',#1976,3.70000000000001);
#46=CYLINDRICAL_SURFACE('',#1979,3.70000000000001);
#47=CYLINDRICAL_SURFACE('',#1982,3.70000000000001);
#48=CYLINDRICAL_SURFACE('',#1985,3.69999999999999);
#49=CYLINDRICAL_SURFACE('',#1989,3.70000000000001);
#50=CYLINDRICAL_SURFACE('',#1992,3.69999999999999);
#51=CYLINDRICAL_SURFACE('',#1995,3.70000000000001);
#52=CYLINDRICAL_SURFACE('',#1998,3.70000000000001);
#53=CYLINDRICAL_SURFACE('',#2002,3.70000000000001);
#54=CYLINDRICAL_SURFACE('',#2005,3.70000000000005);
#55=CYLINDRICAL_SURFACE('',#2008,3.69999999999999);
#56=CYLINDRICAL_SURFACE('',#2011,3.69999999999997);
#57=FACE_BOUND('',#591,.T.);
#58=FACE_BOUND('',#592,.T.);
#59=FACE_BOUND('',#593,.T.);
#60=FACE_BOUND('',#594,.T.);
#61=FACE_BOUND('',#595,.T.);
#62=FACE_BOUND('',#596,.T.);
#63=FACE_BOUND('',#597,.T.);
#64=FACE_BOUND('',#626,.T.);
#65=FACE_BOUND('',#644,.T.);
#66=FACE_BOUND('',#693,.T.);
#67=LINE('',#2587,#247);
#68=LINE('',#2589,#248);
#69=LINE('',#2591,#249);
#70=LINE('',#2593,#250);
#71=LINE('',#2595,#251);
#72=LINE('',#2597,#252);
#73=LINE('',#2599,#253);
#74=LINE('',#2601,#254);
#75=LINE('',#2602,#255);
#76=LINE('',#2607,#256);
#77=LINE('',#2611,#257);
#78=LINE('',#2615,#258);
#79=LINE('',#2619,#259);
#80=LINE('',#2623,#260);
#81=LINE('',#2627,#261);
#82=LINE('',#2631,#262);
#83=LINE('',#2635,#263);
#84=LINE('',#2639,#264);
#85=LINE('',#2643,#265);
#86=LINE('',#2647,#266);
#87=LINE('',#2651,#267);
#88=LINE('',#2655,#268);
#89=LINE('',#2659,#269);
#90=LINE('',#2663,#270);
#91=LINE('',#2667,#271);
#92=LINE('',#2671,#272);
#93=LINE('',#2675,#273);
#94=LINE('',#2680,#274);
#95=LINE('',#2690,#275);
#96=LINE('',#2694,#276);
#97=LINE('',#2696,#277);
#98=LINE('',#2698,#278);
#99=LINE('',#2699,#279);
#100=LINE('',#2703,#280);
#101=LINE('',#2709,#281);
#102=LINE('',#2710,#282);
#103=LINE('',#2711,#283);
#104=LINE('',#2715,#284);
#105=LINE('',#2721,#285);
#106=LINE('',#2722,#286);
#107=LINE('',#2723,#287);
#108=LINE('',#2727,#288);
#109=LINE('',#2733,#289);
#110=LINE('',#2734,#290);
#111=LINE('',#2735,#291);
#112=LINE('',#2739,#292);
#113=LINE('',#2745,#293);
#114=LINE('',#2746,#294);
#115=LINE('',#2747,#295);
#116=LINE('',#2751,#296);
#117=LINE('',#2757,#297);
#118=LINE('',#2758,#298);
#119=LINE('',#2759,#299);
#120=LINE('',#2763,#300);
#121=LINE('',#2769,#301);
#122=LINE('',#2770,#302);
#123=LINE('',#2771,#303);
#124=LINE('',#2775,#304);
#125=LINE('',#2781,#305);
#126=LINE('',#2782,#306);
#127=LINE('',#2783,#307);
#128=LINE('',#2787,#308);
#129=LINE('',#2793,#309);
#130=LINE('',#2794,#310);
#131=LINE('',#2795,#311);
#132=LINE('',#2801,#312);
#133=LINE('',#2803,#313);
#134=LINE('',#2804,#314);
#135=LINE('',#2807,#315);
#136=LINE('',#2811,#316);
#137=LINE('',#2812,#317);
#138=LINE('',#2815,#318);
#139=LINE('',#2819,#319);
#140=LINE('',#2820,#320);
#141=LINE('',#2823,#321);
#142=LINE('',#2827,#322);
#143=LINE('',#2828,#323);
#144=LINE('',#2831,#324);
#145=LINE('',#2835,#325);
#146=LINE('',#2839,#326);
#147=LINE('',#2843,#327);
#148=LINE('',#2847,#328);
#149=LINE('',#2851,#329);
#150=LINE('',#2852,#330);
#151=LINE('',#2857,#331);
#152=LINE('',#2858,#332);
#153=LINE('',#2859,#333);
#154=LINE('',#2863,#334);
#155=LINE('',#2866,#335);
#156=LINE('',#2867,#336);
#157=LINE('',#2871,#337);
#158=LINE('',#2874,#338);
#159=LINE('',#2875,#339);
#160=LINE('',#2879,#340);
#161=LINE('',#2882,#341);
#162=LINE('',#2883,#342);
#163=LINE('',#2889,#343);
#164=LINE('',#2892,#344);
#165=LINE('',#2893,#345);
#166=LINE('',#2897,#346);
#167=LINE('',#2900,#347);
#168=LINE('',#2903,#348);
#169=LINE('',#2906,#349);
#170=LINE('',#2907,#350);
#171=LINE('',#2912,#351);
#172=LINE('',#2914,#352);
#173=LINE('',#2917,#353);
#174=LINE('',#2919,#354);
#175=LINE('',#2921,#355);
#176=LINE('',#2923,#356);
#177=LINE('',#2925,#357);
#178=LINE('',#2927,#358);
#179=LINE('',#2929,#359);
#180=LINE('',#2931,#360);
#181=LINE('',#2932,#361);
#182=LINE('',#2934,#362);
#183=LINE('',#2936,#363);
#184=LINE('',#2942,#364);
#185=LINE('',#2945,#365);
#186=LINE('',#2948,#366);
#187=LINE('',#2949,#367);
#188=LINE('',#2952,#368);
#189=LINE('',#2955,#369);
#190=LINE('',#2959,#370);
#191=LINE('',#2962,#371);
#192=LINE('',#2965,#372);
#193=LINE('',#2966,#373);
#194=LINE('',#2969,#374);
#195=LINE('',#2973,#375);
#196=LINE('',#2974,#376);
#197=LINE('',#2977,#377);
#198=LINE('',#2981,#378);
#199=LINE('',#2982,#379);
#200=LINE('',#2985,#380);
#201=LINE('',#2988,#381);
#202=LINE('',#2992,#382);
#203=LINE('',#2995,#383);
#204=LINE('',#2998,#384);
#205=LINE('',#2999,#385);
#206=LINE('',#3002,#386);
#207=LINE('',#3006,#387);
#208=LINE('',#3007,#388);
#209=LINE('',#3010,#389);
#210=LINE('',#3014,#390);
#211=LINE('',#3015,#391);
#212=LINE('',#3018,#392);
#213=LINE('',#3021,#393);
#214=LINE('',#3025,#394);
#215=LINE('',#3028,#395);
#216=LINE('',#3031,#396);
#217=LINE('',#3032,#397);
#218=LINE('',#3035,#398);
#219=LINE('',#3039,#399);
#220=LINE('',#3040,#400);
#221=LINE('',#3043,#401);
#222=LINE('',#3047,#402);
#223=LINE('',#3048,#403);
#224=LINE('',#3051,#404);
#225=LINE('',#3054,#405);
#226=LINE('',#3058,#406);
#227=LINE('',#3061,#407);
#228=LINE('',#3064,#408);
#229=LINE('',#3065,#409);
#230=LINE('',#3068,#410);
#231=LINE('',#3072,#411);
#232=LINE('',#3073,#412);
#233=LINE('',#3076,#413);
#234=LINE('',#3080,#414);
#235=LINE('',#3081,#415);
#236=LINE('',#3084,#416);
#237=LINE('',#3087,#417);
#238=LINE('',#3090,#418);
#239=LINE('',#3091,#419);
#240=LINE('',#3093,#420);
#241=LINE('',#3095,#421);
#242=LINE('',#3097,#422);
#243=LINE('',#3099,#423);
#244=LINE('',#3101,#424);
#245=LINE('',#3103,#425);
#246=LINE('',#3105,#426);
#247=VECTOR('',#2039,10.);
#248=VECTOR('',#2040,10.);
#249=VECTOR('',#2041,10.);
#250=VECTOR('',#2042,10.);
#251=VECTOR('',#2043,10.);
#252=VECTOR('',#2044,10.);
#253=VECTOR('',#2045,10.);
#254=VECTOR('',#2046,10.);
#255=VECTOR('',#2047,10.);
#256=VECTOR('',#2050,10.);
#257=VECTOR('',#2053,10.);
#258=VECTOR('',#2056,10.);
#259=VECTOR('',#2059,10.);
#260=VECTOR('',#2062,10.);
#261=VECTOR('',#2065,10.);
#262=VECTOR('',#2068,10.);
#263=VECTOR('',#2071,10.);
#264=VECTOR('',#2074,10.);
#265=VECTOR('',#2077,10.);
#266=VECTOR('',#2080,10.);
#267=VECTOR('',#2083,10.);
#268=VECTOR('',#2086,10.);
#269=VECTOR('',#2089,10.);
#270=VECTOR('',#2092,10.);
#271=VECTOR('',#2095,10.);
#272=VECTOR('',#2098,10.);
#273=VECTOR('',#2101,10.);
#274=VECTOR('',#2108,0.950000000000024);
#275=VECTOR('',#2121,0.949999999999989);
#276=VECTOR('',#2124,10.);
#277=VECTOR('',#2125,10.);
#278=VECTOR('',#2126,10.);
#279=VECTOR('',#2127,10.);
#280=VECTOR('',#2130,10.);
#281=VECTOR('',#2137,10.);
#282=VECTOR('',#2138,10.);
#283=VECTOR('',#2139,10.);
#284=VECTOR('',#2142,10.);
#285=VECTOR('',#2149,10.);
#286=VECTOR('',#2150,10.);
#287=VECTOR('',#2151,10.);
#288=VECTOR('',#2154,10.);
#289=VECTOR('',#2161,10.);
#290=VECTOR('',#2162,10.);
#291=VECTOR('',#2163,10.);
#292=VECTOR('',#2166,10.);
#293=VECTOR('',#2173,10.);
#294=VECTOR('',#2174,10.);
#295=VECTOR('',#2175,10.);
#296=VECTOR('',#2178,10.);
#297=VECTOR('',#2185,10.);
#298=VECTOR('',#2186,10.);
#299=VECTOR('',#2187,10.);
#300=VECTOR('',#2190,10.);
#301=VECTOR('',#2197,10.);
#302=VECTOR('',#2198,10.);
#303=VECTOR('',#2199,10.);
#304=VECTOR('',#2202,10.);
#305=VECTOR('',#2209,10.);
#306=VECTOR('',#2210,10.);
#307=VECTOR('',#2211,10.);
#308=VECTOR('',#2214,10.);
#309=VECTOR('',#2221,10.);
#310=VECTOR('',#2222,10.);
#311=VECTOR('',#2223,10.);
#312=VECTOR('',#2232,10.);
#313=VECTOR('',#2233,10.);
#314=VECTOR('',#2234,10.);
#315=VECTOR('',#2237,10.);
#316=VECTOR('',#2242,10.);
#317=VECTOR('',#2243,10.);
#318=VECTOR('',#2246,10.);
#319=VECTOR('',#2251,10.);
#320=VECTOR('',#2252,10.);
#321=VECTOR('',#2255,10.);
#322=VECTOR('',#2260,10.);
#323=VECTOR('',#2261,10.);
#324=VECTOR('',#2262,10.);
#325=VECTOR('',#2265,10.);
#326=VECTOR('',#2268,10.);
#327=VECTOR('',#2271,10.);
#328=VECTOR('',#2276,10.);
#329=VECTOR('',#2281,10.);
#330=VECTOR('',#2282,10.);
#331=VECTOR('',#2287,10.);
#332=VECTOR('',#2288,10.);
#333=VECTOR('',#2289,10.);
#334=VECTOR('',#2294,10.);
#335=VECTOR('',#2297,10.);
#336=VECTOR('',#2298,10.);
#337=VECTOR('',#2303,10.);
#338=VECTOR('',#2306,10.);
#339=VECTOR('',#2307,10.);
#340=VECTOR('',#2312,10.);
#341=VECTOR('',#2315,10.);
#342=VECTOR('',#2316,10.);
#343=VECTOR('',#2325,10.);
#344=VECTOR('',#2328,10.);
#345=VECTOR('',#2329,10.);
#346=VECTOR('',#2334,10.);
#347=VECTOR('',#2337,10.);
#348=VECTOR('',#2340,10.);
#349=VECTOR('',#2343,10.);
#350=VECTOR('',#2344,10.);
#351=VECTOR('',#2349,10.);
#352=VECTOR('',#2352,10.);
#353=VECTOR('',#2353,10.);
#354=VECTOR('',#2354,10.);
#355=VECTOR('',#2355,10.);
#356=VECTOR('',#2356,10.);
#357=VECTOR('',#2357,10.);
#358=VECTOR('',#2358,10.);
#359=VECTOR('',#2359,10.);
#360=VECTOR('',#2360,10.);
#361=VECTOR('',#2361,10.);
#362=VECTOR('',#2364,10.);
#363=VECTOR('',#2367,10.);
#364=VECTOR('',#2376,10.);
#365=VECTOR('',#2379,10.);
#366=VECTOR('',#2382,10.);
#367=VECTOR('',#2383,10.);
#368=VECTOR('',#2386,10.);
#369=VECTOR('',#2391,10.);
#370=VECTOR('',#2396,10.);
#371=VECTOR('',#2399,10.);
#372=VECTOR('',#2402,10.);
#373=VECTOR('',#2403,10.);
#374=VECTOR('',#2406,10.);
#375=VECTOR('',#2411,10.);
#376=VECTOR('',#2412,10.);
#377=VECTOR('',#2415,10.);
#378=VECTOR('',#2420,10.);
#379=VECTOR('',#2421,10.);
#380=VECTOR('',#2424,10.);
#381=VECTOR('',#2429,10.);
#382=VECTOR('',#2434,10.);
#383=VECTOR('',#2437,10.);
#384=VECTOR('',#2440,10.);
#385=VECTOR('',#2441,10.);
#386=VECTOR('',#2444,10.);
#387=VECTOR('',#2449,10.);
#388=VECTOR('',#2450,10.);
#389=VECTOR('',#2453,10.);
#390=VECTOR('',#2458,10.);
#391=VECTOR('',#2459,10.);
#392=VECTOR('',#2462,10.);
#393=VECTOR('',#2467,10.);
#394=VECTOR('',#2472,10.);
#395=VECTOR('',#2475,10.);
#396=VECTOR('',#2478,10.);
#397=VECTOR('',#2479,10.);
#398=VECTOR('',#2482,10.);
#399=VECTOR('',#2487,10.);
#400=VECTOR('',#2488,10.);
#401=VECTOR('',#2491,10.);
#402=VECTOR('',#2496,10.);
#403=VECTOR('',#2497,10.);
#404=VECTOR('',#2500,10.);
#405=VECTOR('',#2505,10.);
#406=VECTOR('',#2510,10.);
#407=VECTOR('',#2513,10.);
#408=VECTOR('',#2516,10.);
#409=VECTOR('',#2517,10.);
#410=VECTOR('',#2520,10.);
#411=VECTOR('',#2525,10.);
#412=VECTOR('',#2526,10.);
#413=VECTOR('',#2529,10.);
#414=VECTOR('',#2534,10.);
#415=VECTOR('',#2535,10.);
#416=VECTOR('',#2538,10.);
#417=VECTOR('',#2543,10.);
#418=VECTOR('',#2548,10.);
#419=VECTOR('',#2549,10.);
#420=VECTOR('',#2552,10.);
#421=VECTOR('',#2555,10.);
#422=VECTOR('',#2558,10.);
#423=VECTOR('',#2561,10.);
#424=VECTOR('',#2564,10.);
#425=VECTOR('',#2567,10.);
#426=VECTOR('',#2570,10.);
#427=PLANE('',#1846);
#428=PLANE('',#1874);
#429=PLANE('',#1878);
#430=PLANE('',#1882);
#431=PLANE('',#1886);
#432=PLANE('',#1890);
#433=PLANE('',#1894);
#434=PLANE('',#1898);
#435=PLANE('',#1902);
#436=PLANE('',#1906);
#437=PLANE('',#1910);
#438=PLANE('',#1913);
#439=PLANE('',#1916);
#440=PLANE('',#1919);
#441=PLANE('',#1926);
#442=PLANE('',#1927);
#443=PLANE('',#1928);
#444=PLANE('',#1931);
#445=PLANE('',#1934);
#446=PLANE('',#1937);
#447=PLANE('',#1942);
#448=PLANE('',#1947);
#449=PLANE('',#1948);
#450=PLANE('',#1952);
#451=PLANE('',#1954);
#452=PLANE('',#1955);
#453=PLANE('',#1958);
#454=PLANE('',#1961);
#455=PLANE('',#1962);
#456=PLANE('',#1965);
#457=PLANE('',#1968);
#458=PLANE('',#1971);
#459=PLANE('',#1974);
#460=PLANE('',#1975);
#461=PLANE('',#1978);
#462=PLANE('',#1981);
#463=PLANE('',#1984);
#464=PLANE('',#1987);
#465=PLANE('',#1988);
#466=PLANE('',#1991);
#467=PLANE('',#1994);
#468=PLANE('',#1997);
#469=PLANE('',#2000);
#470=PLANE('',#2001);
#471=PLANE('',#2004);
#472=PLANE('',#2007);
#473=PLANE('',#2010);
#474=PLANE('',#2013);
#475=PLANE('',#2014);
#476=PLANE('',#2015);
#477=PLANE('',#2016);
#478=PLANE('',#2017);
#479=PLANE('',#2018);
#480=PLANE('',#2019);
#481=PLANE('',#2020);
#482=PLANE('',#2021);
#483=PLANE('',#2022);
#484=PLANE('',#2023);
#485=PLANE('',#2024);
#486=FACE_OUTER_BOUND('',#589,.T.);
#487=FACE_OUTER_BOUND('',#590,.T.);
#488=FACE_OUTER_BOUND('',#598,.T.);
#489=FACE_OUTER_BOUND('',#599,.T.);
#490=FACE_OUTER_BOUND('',#600,.T.);
#491=FACE_OUTER_BOUND('',#601,.T.);
#492=FACE_OUTER_BOUND('',#602,.T.);
#493=FACE_OUTER_BOUND('',#603,.T.);
#494=FACE_OUTER_BOUND('',#604,.T.);
#495=FACE_OUTER_BOUND('',#605,.T.);
#496=FACE_OUTER_BOUND('',#606,.T.);
#497=FACE_OUTER_BOUND('',#607,.T.);
#498=FACE_OUTER_BOUND('',#608,.T.);
#499=FACE_OUTER_BOUND('',#609,.T.);
#500=FACE_OUTER_BOUND('',#610,.T.);
#501=FACE_OUTER_BOUND('',#611,.T.);
#502=FACE_OUTER_BOUND('',#612,.T.);
#503=FACE_OUTER_BOUND('',#613,.T.);
#504=FACE_OUTER_BOUND('',#614,.T.);
#505=FACE_OUTER_BOUND('',#615,.T.);
#506=FACE_OUTER_BOUND('',#616,.T.);
#507=FACE_OUTER_BOUND('',#617,.T.);
#508=FACE_OUTER_BOUND('',#618,.T.);
#509=FACE_OUTER_BOUND('',#619,.T.);
#510=FACE_OUTER_BOUND('',#620,.T.);
#511=FACE_OUTER_BOUND('',#621,.T.);
#512=FACE_OUTER_BOUND('',#622,.T.);
#513=FACE_OUTER_BOUND('',#623,.T.);
#514=FACE_OUTER_BOUND('',#624,.T.);
#515=FACE_OUTER_BOUND('',#625,.T.);
#516=FACE_OUTER_BOUND('',#627,.T.);
#517=FACE_OUTER_BOUND('',#628,.T.);
#518=FACE_OUTER_BOUND('',#629,.T.);
#519=FACE_OUTER_BOUND('',#630,.T.);
#520=FACE_OUTER_BOUND('',#631,.T.);
#521=FACE_OUTER_BOUND('',#632,.T.);
#522=FACE_OUTER_BOUND('',#633,.T.);
#523=FACE_OUTER_BOUND('',#634,.T.);
#524=FACE_OUTER_BOUND('',#635,.T.);
#525=FACE_OUTER_BOUND('',#636,.T.);
#526=FACE_OUTER_BOUND('',#637,.T.);
#527=FACE_OUTER_BOUND('',#638,.T.);
#528=FACE_OUTER_BOUND('',#639,.T.);
#529=FACE_OUTER_BOUND('',#640,.T.);
#530=FACE_OUTER_BOUND('',#641,.T.);
#531=FACE_OUTER_BOUND('',#642,.T.);
#532=FACE_OUTER_BOUND('',#643,.T.);
#533=FACE_OUTER_BOUND('',#645,.T.);
#534=FACE_OUTER_BOUND('',#646,.T.);
#535=FACE_OUTER_BOUND('',#647,.T.);
#536=FACE_OUTER_BOUND('',#648,.T.);
#537=FACE_OUTER_BOUND('',#649,.T.);
#538=FACE_OUTER_BOUND('',#650,.T.);
#539=FACE_OUTER_BOUND('',#651,.T.);
#540=FACE_OUTER_BOUND('',#652,.T.);
#541=FACE_OUTER_BOUND('',#653,.T.);
#542=FACE_OUTER_BOUND('',#654,.T.);
#543=FACE_OUTER_BOUND('',#655,.T.);
#544=FACE_OUTER_BOUND('',#656,.T.);
#545=FACE_OUTER_BOUND('',#657,.T.);
#546=FACE_OUTER_BOUND('',#658,.T.);
#547=FACE_OUTER_BOUND('',#659,.T.);
#548=FACE_OUTER_BOUND('',#660,.T.);
#549=FACE_OUTER_BOUND('',#661,.T.);
#550=FACE_OUTER_BOUND('',#662,.T.);
#551=FACE_OUTER_BOUND('',#663,.T.);
#552=FACE_OUTER_BOUND('',#664,.T.);
#553=FACE_OUTER_BOUND('',#665,.T.);
#554=FACE_OUTER_BOUND('',#666,.T.);
#555=FACE_OUTER_BOUND('',#667,.T.);
#556=FACE_OUTER_BOUND('',#668,.T.);
#557=FACE_OUTER_BOUND('',#669,.T.);
#558=FACE_OUTER_BOUND('',#670,.T.);
#559=FACE_OUTER_BOUND('',#671,.T.);
#560=FACE_OUTER_BOUND('',#672,.T.);
#561=FACE_OUTER_BOUND('',#673,.T.);
#562=FACE_OUTER_BOUND('',#674,.T.);
#563=FACE_OUTER_BOUND('',#675,.T.);
#564=FACE_OUTER_BOUND('',#676,.T.);
#565=FACE_OUTER_BOUND('',#677,.T.);
#566=FACE_OUTER_BOUND('',#678,.T.);
#567=FACE_OUTER_BOUND('',#679,.T.);
#568=FACE_OUTER_BOUND('',#680,.T.);
#569=FACE_OUTER_BOUND('',#681,.T.);
#570=FACE_OUTER_BOUND('',#682,.T.);
#571=FACE_OUTER_BOUND('',#683,.T.);
#572=FACE_OUTER_BOUND('',#684,.T.);
#573=FACE_OUTER_BOUND('',#685,.T.);
#574=FACE_OUTER_BOUND('',#686,.T.);
#575=FACE_OUTER_BOUND('',#687,.T.);
#576=FACE_OUTER_BOUND('',#688,.T.);
#577=FACE_OUTER_BOUND('',#689,.T.);
#578=FACE_OUTER_BOUND('',#690,.T.);
#579=FACE_OUTER_BOUND('',#691,.T.);
#580=FACE_OUTER_BOUND('',#692,.T.);
#581=FACE_OUTER_BOUND('',#694,.T.);
#582=FACE_OUTER_BOUND('',#695,.T.);
#583=FACE_OUTER_BOUND('',#696,.T.);
#584=FACE_OUTER_BOUND('',#697,.T.);
#585=FACE_OUTER_BOUND('',#698,.T.);
#586=FACE_OUTER_BOUND('',#699,.T.);
#587=FACE_OUTER_BOUND('',#700,.T.);
#588=FACE_OUTER_BOUND('',#701,.T.);
#589=EDGE_LOOP('',(#1212,#1213,#1214,#1215,#1216));
#590=EDGE_LOOP('',(#1217,#1218,#1219,#1220,#1221,#1222,#1223,#1224,#1225));
#591=EDGE_LOOP('',(#1226));
#592=EDGE_LOOP('',(#1227,#1228,#1229,#1230));
#593=EDGE_LOOP('',(#1231,#1232,#1233,#1234,#1235,#1236,#1237,#1238));
#594=EDGE_LOOP('',(#1239,#1240,#1241,#1242,#1243,#1244,#1245,#1246));
#595=EDGE_LOOP('',(#1247,#1248,#1249,#1250,#1251,#1252,#1253,#1254));
#596=EDGE_LOOP('',(#1255,#1256,#1257,#1258,#1259,#1260,#1261,#1262));
#597=EDGE_LOOP('',(#1263));
#598=EDGE_LOOP('',(#1264,#1265,#1266,#1267,#1268));
#599=EDGE_LOOP('',(#1269,#1270,#1271,#1272,#1273));
#600=EDGE_LOOP('',(#1274,#1275,#1276,#1277,#1278));
#601=EDGE_LOOP('',(#1279,#1280,#1281,#1282));
#602=EDGE_LOOP('',(#1283,#1284,#1285,#1286));
#603=EDGE_LOOP('',(#1287,#1288,#1289,#1290));
#604=EDGE_LOOP('',(#1291,#1292,#1293,#1294));
#605=EDGE_LOOP('',(#1295,#1296,#1297,#1298));
#606=EDGE_LOOP('',(#1299,#1300,#1301,#1302));
#607=EDGE_LOOP('',(#1303,#1304,#1305,#1306));
#608=EDGE_LOOP('',(#1307,#1308,#1309,#1310));
#609=EDGE_LOOP('',(#1311,#1312,#1313,#1314));
#610=EDGE_LOOP('',(#1315,#1316,#1317,#1318));
#611=EDGE_LOOP('',(#1319,#1320,#1321,#1322));
#612=EDGE_LOOP('',(#1323,#1324,#1325,#1326));
#613=EDGE_LOOP('',(#1327,#1328,#1329,#1330));
#614=EDGE_LOOP('',(#1331,#1332,#1333,#1334));
#615=EDGE_LOOP('',(#1335,#1336,#1337,#1338));
#616=EDGE_LOOP('',(#1339,#1340,#1341,#1342));
#617=EDGE_LOOP('',(#1343,#1344,#1345,#1346));
#618=EDGE_LOOP('',(#1347,#1348,#1349,#1350));
#619=EDGE_LOOP('',(#1351,#1352,#1353,#1354));
#620=EDGE_LOOP('',(#1355,#1356,#1357,#1358));
#621=EDGE_LOOP('',(#1359,#1360,#1361,#1362));
#622=EDGE_LOOP('',(#1363,#1364,#1365,#1366));
#623=EDGE_LOOP('',(#1367,#1368,#1369,#1370));
#624=EDGE_LOOP('',(#1371,#1372,#1373,#1374));
#625=EDGE_LOOP('',(#1375,#1376,#1377,#1378));
#626=EDGE_LOOP('',(#1379,#1380,#1381,#1382,#1383,#1384,#1385,#1386));
#627=EDGE_LOOP('',(#1387,#1388,#1389,#1390));
#628=EDGE_LOOP('',(#1391,#1392,#1393,#1394));
#629=EDGE_LOOP('',(#1395,#1396,#1397,#1398,#1399,#1400,#1401,#1402,#1403,
#1404,#1405,#1406,#1407,#1408,#1409,#1410,#1411,#1412));
#630=EDGE_LOOP('',(#1413,#1414,#1415,#1416));
#631=EDGE_LOOP('',(#1417,#1418,#1419,#1420));
#632=EDGE_LOOP('',(#1421,#1422,#1423,#1424));
#633=EDGE_LOOP('',(#1425,#1426,#1427,#1428));
#634=EDGE_LOOP('',(#1429,#1430,#1431,#1432));
#635=EDGE_LOOP('',(#1433,#1434,#1435,#1436));
#636=EDGE_LOOP('',(#1437,#1438,#1439,#1440));
#637=EDGE_LOOP('',(#1441,#1442,#1443,#1444));
#638=EDGE_LOOP('',(#1445,#1446,#1447,#1448));
#639=EDGE_LOOP('',(#1449,#1450,#1451,#1452));
#640=EDGE_LOOP('',(#1453,#1454,#1455,#1456));
#641=EDGE_LOOP('',(#1457,#1458,#1459,#1460));
#642=EDGE_LOOP('',(#1461,#1462,#1463,#1464));
#643=EDGE_LOOP('',(#1465,#1466,#1467,#1468,#1469,#1470,#1471,#1472,#1473,
#1474,#1475,#1476,#1477,#1478,#1479,#1480,#1481,#1482));
#644=EDGE_LOOP('',(#1483,#1484,#1485,#1486,#1487,#1488,#1489,#1490,#1491));
#645=EDGE_LOOP('',(#1492,#1493,#1494,#1495));
#646=EDGE_LOOP('',(#1496,#1497,#1498,#1499));
#647=EDGE_LOOP('',(#1500,#1501,#1502,#1503));
#648=EDGE_LOOP('',(#1504));
#649=EDGE_LOOP('',(#1505));
#650=EDGE_LOOP('',(#1506,#1507,#1508,#1509));
#651=EDGE_LOOP('',(#1510,#1511,#1512,#1513));
#652=EDGE_LOOP('',(#1514,#1515,#1516,#1517));
#653=EDGE_LOOP('',(#1518,#1519,#1520,#1521));
#654=EDGE_LOOP('',(#1522,#1523,#1524,#1525));
#655=EDGE_LOOP('',(#1526,#1527,#1528,#1529));
#656=EDGE_LOOP('',(#1530,#1531,#1532,#1533));
#657=EDGE_LOOP('',(#1534,#1535,#1536,#1537));
#658=EDGE_LOOP('',(#1538,#1539,#1540,#1541));
#659=EDGE_LOOP('',(#1542,#1543,#1544,#1545));
#660=EDGE_LOOP('',(#1546,#1547,#1548,#1549));
#661=EDGE_LOOP('',(#1550,#1551,#1552,#1553));
#662=EDGE_LOOP('',(#1554,#1555,#1556,#1557));
#663=EDGE_LOOP('',(#1558,#1559,#1560,#1561,#1562,#1563,#1564,#1565));
#664=EDGE_LOOP('',(#1566,#1567,#1568,#1569));
#665=EDGE_LOOP('',(#1570,#1571,#1572,#1573));
#666=EDGE_LOOP('',(#1574,#1575,#1576,#1577));
#667=EDGE_LOOP('',(#1578,#1579,#1580,#1581));
#668=EDGE_LOOP('',(#1582,#1583,#1584,#1585));
#669=EDGE_LOOP('',(#1586,#1587,#1588,#1589));
#670=EDGE_LOOP('',(#1590,#1591,#1592,#1593));
#671=EDGE_LOOP('',(#1594,#1595,#1596,#1597));
#672=EDGE_LOOP('',(#1598,#1599,#1600,#1601,#1602,#1603,#1604,#1605));
#673=EDGE_LOOP('',(#1606,#1607,#1608,#1609));
#674=EDGE_LOOP('',(#1610,#1611,#1612,#1613));
#675=EDGE_LOOP('',(#1614,#1615,#1616,#1617));
#676=EDGE_LOOP('',(#1618,#1619,#1620,#1621));
#677=EDGE_LOOP('',(#1622,#1623,#1624,#1625));
#678=EDGE_LOOP('',(#1626,#1627,#1628,#1629));
#679=EDGE_LOOP('',(#1630,#1631,#1632,#1633));
#680=EDGE_LOOP('',(#1634,#1635,#1636,#1637));
#681=EDGE_LOOP('',(#1638,#1639,#1640,#1641,#1642,#1643,#1644,#1645));
#682=EDGE_LOOP('',(#1646,#1647,#1648,#1649));
#683=EDGE_LOOP('',(#1650,#1651,#1652,#1653));
#684=EDGE_LOOP('',(#1654,#1655,#1656,#1657));
#685=EDGE_LOOP('',(#1658,#1659,#1660,#1661));
#686=EDGE_LOOP('',(#1662,#1663,#1664,#1665));
#687=EDGE_LOOP('',(#1666,#1667,#1668,#1669));
#688=EDGE_LOOP('',(#1670,#1671,#1672,#1673));
#689=EDGE_LOOP('',(#1674,#1675,#1676,#1677));
#690=EDGE_LOOP('',(#1678,#1679,#1680,#1681,#1682,#1683,#1684,#1685));
#691=EDGE_LOOP('',(#1686,#1687,#1688,#1689));
#692=EDGE_LOOP('',(#1690,#1691,#1692,#1693));
#693=EDGE_LOOP('',(#1694,#1695,#1696,#1697,#1698,#1699,#1700,#1701));
#694=EDGE_LOOP('',(#1702,#1703,#1704,#1705));
#695=EDGE_LOOP('',(#1706,#1707,#1708,#1709));
#696=EDGE_LOOP('',(#1710,#1711,#1712,#1713));
#697=EDGE_LOOP('',(#1714,#1715,#1716,#1717));
#698=EDGE_LOOP('',(#1718,#1719,#1720,#1721));
#699=EDGE_LOOP('',(#1722,#1723,#1724,#1725));
#700=EDGE_LOOP('',(#1726,#1727,#1728,#1729));
#701=EDGE_LOOP('',(#1730,#1731,#1732,#1733));
#702=CIRCLE('',#1842,0.950000000000024);
#703=CIRCLE('',#1843,1.);
#704=CIRCLE('',#1844,1.95000000000002);
#705=CIRCLE('',#1845,0.950000000000024);
#706=CIRCLE('',#1847,1.94999999999999);
#707=CIRCLE('',#1848,2.50000000000001);
#708=CIRCLE('',#1849,2.50000000000002);
#709=CIRCLE('',#1850,3.70000000000001);
#710=CIRCLE('',#1851,3.69999999999999);
#711=CIRCLE('',#1852,3.70000000000001);
#712=CIRCLE('',#1853,3.70000000000001);
#713=CIRCLE('',#1854,3.70000000000001);
#714=CIRCLE('',#1855,3.70000000000001);
#715=CIRCLE('',#1856,3.69999999999999);
#716=CIRCLE('',#1857,3.70000000000001);
#717=CIRCLE('',#1858,3.69999999999999);
#718=CIRCLE('',#1859,3.70000000000001);
#719=CIRCLE('',#1860,3.70000000000001);
#720=CIRCLE('',#1861,3.70000000000001);
#721=CIRCLE('',#1862,3.70000000000005);
#722=CIRCLE('',#1863,3.70000000000001);
#723=CIRCLE('',#1864,3.69999999999997);
#724=CIRCLE('',#1865,3.69999999999999);
#725=CIRCLE('',#1867,0.950000000000024);
#726=CIRCLE('',#1869,0.949999999999989);
#727=CIRCLE('',#1870,1.);
#728=CIRCLE('',#1871,0.949999999999989);
#729=CIRCLE('',#1873,0.949999999999989);
#730=CIRCLE('',#1876,3.);
#731=CIRCLE('',#1877,1.9);
#732=CIRCLE('',#1880,3.);
#733=CIRCLE('',#1881,1.89999999999999);
#734=CIRCLE('',#1884,3.);
#735=CIRCLE('',#1885,1.9);
#736=CIRCLE('',#1888,3.);
#737=CIRCLE('',#1889,4.09999999999999);
#738=CIRCLE('',#1892,3.);
#739=CIRCLE('',#1893,1.9);
#740=CIRCLE('',#1896,3.);
#741=CIRCLE('',#1897,1.89999999999999);
#742=CIRCLE('',#1900,3.);
#743=CIRCLE('',#1901,1.89999999999999);
#744=CIRCLE('',#1904,3.);
#745=CIRCLE('',#1905,1.9);
#746=CIRCLE('',#1908,3.);
#747=CIRCLE('',#1909,1.89999999999999);
#748=CIRCLE('',#1912,3.);
#749=CIRCLE('',#1915,3.);
#750=CIRCLE('',#1918,3.);
#751=CIRCLE('',#1920,0.899999999999971);
#752=CIRCLE('',#1921,0.899999999999963);
#753=CIRCLE('',#1922,0.899999999999963);
#754=CIRCLE('',#1923,0.899999999999963);
#755=CIRCLE('',#1925,3.);
#756=CIRCLE('',#1930,0.899999999999963);
#757=CIRCLE('',#1933,0.899999999999971);
#758=CIRCLE('',#1936,0.899999999999963);
#759=CIRCLE('',#1939,0.899999999999963);
#760=CIRCLE('',#1941,3.);
#761=CIRCLE('',#1944,3.);
#762=CIRCLE('',#1946,3.);
#763=CIRCLE('',#1949,3.);
#764=CIRCLE('',#1950,3.);
#765=CIRCLE('',#1957,2.50000000000001);
#766=CIRCLE('',#1960,2.50000000000002);
#767=CIRCLE('',#1964,3.69999999999999);
#768=CIRCLE('',#1967,3.70000000000001);
#769=CIRCLE('',#1970,3.70000000000001);
#770=CIRCLE('',#1973,3.70000000000001);
#771=CIRCLE('',#1977,3.70000000000001);
#772=CIRCLE('',#1980,3.70000000000001);
#773=CIRCLE('',#1983,3.70000000000001);
#774=CIRCLE('',#1986,3.69999999999999);
#775=CIRCLE('',#1990,3.70000000000001);
#776=CIRCLE('',#1993,3.69999999999999);
#777=CIRCLE('',#1996,3.70000000000001);
#778=CIRCLE('',#1999,3.70000000000001);
#779=CIRCLE('',#2003,3.70000000000001);
#780=CIRCLE('',#2006,3.70000000000005);
#781=CIRCLE('',#2009,3.69999999999999);
#782=CIRCLE('',#2012,3.69999999999997);
#783=VERTEX_POINT('',#2577);
#784=VERTEX_POINT('',#2578);
#785=VERTEX_POINT('',#2580);
#786=VERTEX_POINT('',#2585);
#787=VERTEX_POINT('',#2586);
#788=VERTEX_POINT('',#2588);
#789=VERTEX_POINT('',#2590);
#790=VERTEX_POINT('',#2592);
#791=VERTEX_POINT('',#2594);
#792=VERTEX_POINT('',#2596);
#793=VERTEX_POINT('',#2598);
#794=VERTEX_POINT('',#2600);
#795=VERTEX_POINT('',#2603);
#796=VERTEX_POINT('',#2605);
#797=VERTEX_POINT('',#2606);
#798=VERTEX_POINT('',#2608);
#799=VERTEX_POINT('',#2610);
#800=VERTEX_POINT('',#2613);
#801=VERTEX_POINT('',#2614);
#802=VERTEX_POINT('',#2616);
#803=VERTEX_POINT('',#2618);
#804=VERTEX_POINT('',#2620);
#805=VERTEX_POINT('',#2622);
#806=VERTEX_POINT('',#2624);
#807=VERTEX_POINT('',#2626);
#808=VERTEX_POINT('',#2629);
#809=VERTEX_POINT('',#2630);
#810=VERTEX_POINT('',#2632);
#811=VERTEX_POINT('',#2634);
#812=VERTEX_POINT('',#2636);
#813=VERTEX_POINT('',#2638);
#814=VERTEX_POINT('',#2640);
#815=VERTEX_POINT('',#2642);
#816=VERTEX_POINT('',#2645);
#817=VERTEX_POINT('',#2646);
#818=VERTEX_POINT('',#2648);
#819=VERTEX_POINT('',#2650);
#820=VERTEX_POINT('',#2652);
#821=VERTEX_POINT('',#2654);
#822=VERTEX_POINT('',#2656);
#823=VERTEX_POINT('',#2658);
#824=VERTEX_POINT('',#2661);
#825=VERTEX_POINT('',#2662);
#826=VERTEX_POINT('',#2664);
#827=VERTEX_POINT('',#2666);
#828=VERTEX_POINT('',#2668);
#829=VERTEX_POINT('',#2670);
#830=VERTEX_POINT('',#2672);
#831=VERTEX_POINT('',#2674);
#832=VERTEX_POINT('',#2678);
#833=VERTEX_POINT('',#2682);
#834=VERTEX_POINT('',#2683);
#835=VERTEX_POINT('',#2688);
#836=VERTEX_POINT('',#2692);
#837=VERTEX_POINT('',#2693);
#838=VERTEX_POINT('',#2695);
#839=VERTEX_POINT('',#2697);
#840=VERTEX_POINT('',#2701);
#841=VERTEX_POINT('',#2702);
#842=VERTEX_POINT('',#2707);
#843=VERTEX_POINT('',#2708);
#844=VERTEX_POINT('',#2713);
#845=VERTEX_POINT('',#2714);
#846=VERTEX_POINT('',#2719);
#847=VERTEX_POINT('',#2720);
#848=VERTEX_POINT('',#2725);
#849=VERTEX_POINT('',#2726);
#850=VERTEX_POINT('',#2731);
#851=VERTEX_POINT('',#2732);
#852=VERTEX_POINT('',#2737);
#853=VERTEX_POINT('',#2738);
#854=VERTEX_POINT('',#2743);
#855=VERTEX_POINT('',#2744);
#856=VERTEX_POINT('',#2749);
#857=VERTEX_POINT('',#2750);
#858=VERTEX_POINT('',#2755);
#859=VERTEX_POINT('',#2756);
#860=VERTEX_POINT('',#2761);
#861=VERTEX_POINT('',#2762);
#862=VERTEX_POINT('',#2767);
#863=VERTEX_POINT('',#2768);
#864=VERTEX_POINT('',#2773);
#865=VERTEX_POINT('',#2774);
#866=VERTEX_POINT('',#2779);
#867=VERTEX_POINT('',#2780);
#868=VERTEX_POINT('',#2785);
#869=VERTEX_POINT('',#2786);
#870=VERTEX_POINT('',#2791);
#871=VERTEX_POINT('',#2792);
#872=VERTEX_POINT('',#2800);
#873=VERTEX_POINT('',#2802);
#874=VERTEX_POINT('',#2806);
#875=VERTEX_POINT('',#2810);
#876=VERTEX_POINT('',#2814);
#877=VERTEX_POINT('',#2818);
#878=VERTEX_POINT('',#2822);
#879=VERTEX_POINT('',#2826);
#880=VERTEX_POINT('',#2829);
#881=VERTEX_POINT('',#2830);
#882=VERTEX_POINT('',#2832);
#883=VERTEX_POINT('',#2834);
#884=VERTEX_POINT('',#2836);
#885=VERTEX_POINT('',#2838);
#886=VERTEX_POINT('',#2840);
#887=VERTEX_POINT('',#2842);
#888=VERTEX_POINT('',#2846);
#889=VERTEX_POINT('',#2850);
#890=VERTEX_POINT('',#2855);
#891=VERTEX_POINT('',#2856);
#892=VERTEX_POINT('',#2861);
#893=VERTEX_POINT('',#2865);
#894=VERTEX_POINT('',#2869);
#895=VERTEX_POINT('',#2873);
#896=VERTEX_POINT('',#2877);
#897=VERTEX_POINT('',#2881);
#898=VERTEX_POINT('',#2887);
#899=VERTEX_POINT('',#2891);
#900=VERTEX_POINT('',#2895);
#901=VERTEX_POINT('',#2899);
#902=VERTEX_POINT('',#2901);
#903=VERTEX_POINT('',#2905);
#904=VERTEX_POINT('',#2909);
#905=VERTEX_POINT('',#2911);
#906=VERTEX_POINT('',#2915);
#907=VERTEX_POINT('',#2916);
#908=VERTEX_POINT('',#2918);
#909=VERTEX_POINT('',#2920);
#910=VERTEX_POINT('',#2922);
#911=VERTEX_POINT('',#2924);
#912=VERTEX_POINT('',#2926);
#913=VERTEX_POINT('',#2928);
#914=VERTEX_POINT('',#2930);
#915=VERTEX_POINT('',#2941);
#916=VERTEX_POINT('',#2943);
#917=VERTEX_POINT('',#2947);
#918=VERTEX_POINT('',#2951);
#919=VERTEX_POINT('',#2958);
#920=VERTEX_POINT('',#2960);
#921=VERTEX_POINT('',#2964);
#922=VERTEX_POINT('',#2968);
#923=VERTEX_POINT('',#2972);
#924=VERTEX_POINT('',#2976);
#925=VERTEX_POINT('',#2980);
#926=VERTEX_POINT('',#2984);
#927=VERTEX_POINT('',#2991);
#928=VERTEX_POINT('',#2993);
#929=VERTEX_POINT('',#2997);
#930=VERTEX_POINT('',#3001);
#931=VERTEX_POINT('',#3005);
#932=VERTEX_POINT('',#3009);
#933=VERTEX_POINT('',#3013);
#934=VERTEX_POINT('',#3017);
#935=VERTEX_POINT('',#3024);
#936=VERTEX_POINT('',#3026);
#937=VERTEX_POINT('',#3030);
#938=VERTEX_POINT('',#3034);
#939=VERTEX_POINT('',#3038);
#940=VERTEX_POINT('',#3042);
#941=VERTEX_POINT('',#3046);
#942=VERTEX_POINT('',#3050);
#943=VERTEX_POINT('',#3057);
#944=VERTEX_POINT('',#3059);
#945=VERTEX_POINT('',#3063);
#946=VERTEX_POINT('',#3067);
#947=VERTEX_POINT('',#3071);
#948=VERTEX_POINT('',#3075);
#949=VERTEX_POINT('',#3079);
#950=VERTEX_POINT('',#3083);
#951=EDGE_CURVE('',#783,#784,#702,.T.);
#952=EDGE_CURVE('',#784,#785,#703,.T.);
#953=EDGE_CURVE('',#785,#785,#704,.T.);
#954=EDGE_CURVE('',#784,#783,#705,.T.);
#955=EDGE_CURVE('',#786,#787,#67,.T.);
#956=EDGE_CURVE('',#787,#788,#68,.T.);
#957=EDGE_CURVE('',#788,#789,#69,.T.);
#958=EDGE_CURVE('',#789,#790,#70,.T.);
#959=EDGE_CURVE('',#790,#791,#71,.T.);
#960=EDGE_CURVE('',#791,#792,#72,.T.);
#961=EDGE_CURVE('',#792,#793,#73,.T.);
#962=EDGE_CURVE('',#793,#794,#74,.T.);
#963=EDGE_CURVE('',#794,#786,#75,.T.);
#964=EDGE_CURVE('',#795,#795,#706,.T.);
#965=EDGE_CURVE('',#796,#797,#76,.T.);
#966=EDGE_CURVE('',#797,#798,#707,.T.);
#967=EDGE_CURVE('',#798,#799,#77,.T.);
#968=EDGE_CURVE('',#799,#796,#708,.T.);
#969=EDGE_CURVE('',#800,#801,#78,.T.);
#970=EDGE_CURVE('',#801,#802,#709,.T.);
#971=EDGE_CURVE('',#802,#803,#79,.T.);
#972=EDGE_CURVE('',#803,#804,#710,.T.);
#973=EDGE_CURVE('',#804,#805,#80,.T.);
#974=EDGE_CURVE('',#805,#806,#711,.T.);
#975=EDGE_CURVE('',#806,#807,#81,.T.);
#976=EDGE_CURVE('',#807,#800,#712,.T.);
#977=EDGE_CURVE('',#808,#809,#82,.T.);
#978=EDGE_CURVE('',#809,#810,#713,.T.);
#979=EDGE_CURVE('',#810,#811,#83,.T.);
#980=EDGE_CURVE('',#811,#812,#714,.T.);
#981=EDGE_CURVE('',#812,#813,#84,.T.);
#982=EDGE_CURVE('',#813,#814,#715,.T.);
#983=EDGE_CURVE('',#814,#815,#85,.T.);
#984=EDGE_CURVE('',#815,#808,#716,.T.);
#985=EDGE_CURVE('',#816,#817,#86,.T.);
#986=EDGE_CURVE('',#817,#818,#717,.T.);
#987=EDGE_CURVE('',#818,#819,#87,.T.);
#988=EDGE_CURVE('',#819,#820,#718,.T.);
#989=EDGE_CURVE('',#820,#821,#88,.T.);
#990=EDGE_CURVE('',#821,#822,#719,.T.);
#991=EDGE_CURVE('',#822,#823,#89,.T.);
#992=EDGE_CURVE('',#823,#816,#720,.T.);
#993=EDGE_CURVE('',#824,#825,#90,.T.);
#994=EDGE_CURVE('',#825,#826,#721,.T.);
#995=EDGE_CURVE('',#826,#827,#91,.T.);
#996=EDGE_CURVE('',#827,#828,#722,.T.);
#997=EDGE_CURVE('',#828,#829,#92,.T.);
#998=EDGE_CURVE('',#829,#830,#723,.T.);
#999=EDGE_CURVE('',#830,#831,#93,.T.);
#1000=EDGE_CURVE('',#831,#824,#724,.T.);
#1001=EDGE_CURVE('',#832,#832,#725,.T.);
#1002=EDGE_CURVE('',#832,#783,#94,.T.);
#1003=EDGE_CURVE('',#833,#834,#726,.T.);
#1004=EDGE_CURVE('',#834,#795,#727,.T.);
#1005=EDGE_CURVE('',#834,#833,#728,.T.);
#1006=EDGE_CURVE('',#835,#835,#729,.T.);
#1007=EDGE_CURVE('',#835,#833,#95,.T.);
#1008=EDGE_CURVE('',#836,#837,#96,.T.);
#1009=EDGE_CURVE('',#837,#838,#97,.T.);
#1010=EDGE_CURVE('',#838,#839,#98,.T.);
#1011=EDGE_CURVE('',#839,#836,#99,.T.);
#1012=EDGE_CURVE('',#840,#841,#100,.T.);
#1013=EDGE_CURVE('',#841,#837,#730,.T.);
#1014=EDGE_CURVE('',#836,#840,#731,.T.);
#1015=EDGE_CURVE('',#842,#843,#101,.T.);
#1016=EDGE_CURVE('',#843,#841,#102,.T.);
#1017=EDGE_CURVE('',#840,#842,#103,.T.);
#1018=EDGE_CURVE('',#844,#845,#104,.T.);
#1019=EDGE_CURVE('',#845,#843,#732,.T.);
#1020=EDGE_CURVE('',#842,#844,#733,.T.);
#1021=EDGE_CURVE('',#846,#847,#105,.T.);
#1022=EDGE_CURVE('',#847,#845,#106,.T.);
#1023=EDGE_CURVE('',#844,#846,#107,.T.);
#1024=EDGE_CURVE('',#848,#849,#108,.T.);
#1025=EDGE_CURVE('',#849,#847,#734,.T.);
#1026=EDGE_CURVE('',#846,#848,#735,.T.);
#1027=EDGE_CURVE('',#850,#851,#109,.T.);
#1028=EDGE_CURVE('',#851,#849,#110,.T.);
#1029=EDGE_CURVE('',#848,#850,#111,.T.);
#1030=EDGE_CURVE('',#852,#853,#112,.T.);
#1031=EDGE_CURVE('',#853,#851,#736,.T.);
#1032=EDGE_CURVE('',#850,#852,#737,.T.);
#1033=EDGE_CURVE('',#854,#855,#113,.T.);
#1034=EDGE_CURVE('',#855,#853,#114,.T.);
#1035=EDGE_CURVE('',#852,#854,#115,.T.);
#1036=EDGE_CURVE('',#856,#857,#116,.T.);
#1037=EDGE_CURVE('',#857,#855,#738,.T.);
#1038=EDGE_CURVE('',#854,#856,#739,.T.);
#1039=EDGE_CURVE('',#858,#859,#117,.T.);
#1040=EDGE_CURVE('',#859,#857,#118,.T.);
#1041=EDGE_CURVE('',#856,#858,#119,.T.);
#1042=EDGE_CURVE('',#860,#861,#120,.T.);
#1043=EDGE_CURVE('',#861,#859,#740,.T.);
#1044=EDGE_CURVE('',#858,#860,#741,.T.);
#1045=EDGE_CURVE('',#862,#863,#121,.T.);
#1046=EDGE_CURVE('',#863,#861,#122,.T.);
#1047=EDGE_CURVE('',#860,#862,#123,.T.);
#1048=EDGE_CURVE('',#864,#865,#124,.T.);
#1049=EDGE_CURVE('',#865,#863,#742,.T.);
#1050=EDGE_CURVE('',#862,#864,#743,.T.);
#1051=EDGE_CURVE('',#866,#867,#125,.T.);
#1052=EDGE_CURVE('',#867,#865,#126,.T.);
#1053=EDGE_CURVE('',#864,#866,#127,.T.);
#1054=EDGE_CURVE('',#868,#869,#128,.T.);
#1055=EDGE_CURVE('',#869,#867,#744,.T.);
#1056=EDGE_CURVE('',#866,#868,#745,.T.);
#1057=EDGE_CURVE('',#870,#871,#129,.T.);
#1058=EDGE_CURVE('',#871,#869,#130,.T.);
#1059=EDGE_CURVE('',#868,#870,#131,.T.);
#1060=EDGE_CURVE('',#838,#871,#746,.T.);
#1061=EDGE_CURVE('',#870,#839,#747,.T.);
#1062=EDGE_CURVE('',#872,#859,#132,.T.);
#1063=EDGE_CURVE('',#873,#872,#133,.T.);
#1064=EDGE_CURVE('',#857,#873,#134,.T.);
#1065=EDGE_CURVE('',#861,#874,#135,.T.);
#1066=EDGE_CURVE('',#874,#872,#748,.T.);
#1067=EDGE_CURVE('',#875,#863,#136,.T.);
#1068=EDGE_CURVE('',#874,#875,#137,.T.);
#1069=EDGE_CURVE('',#865,#876,#138,.T.);
#1070=EDGE_CURVE('',#876,#875,#749,.T.);
#1071=EDGE_CURVE('',#877,#867,#139,.T.);
#1072=EDGE_CURVE('',#876,#877,#140,.T.);
#1073=EDGE_CURVE('',#869,#878,#141,.T.);
#1074=EDGE_CURVE('',#878,#877,#750,.T.);
#1075=EDGE_CURVE('',#879,#871,#142,.T.);
#1076=EDGE_CURVE('',#878,#879,#143,.T.);
#1077=EDGE_CURVE('',#880,#881,#144,.T.);
#1078=EDGE_CURVE('',#881,#882,#751,.T.);
#1079=EDGE_CURVE('',#882,#883,#145,.T.);
#1080=EDGE_CURVE('',#883,#884,#752,.T.);
#1081=EDGE_CURVE('',#884,#885,#146,.T.);
#1082=EDGE_CURVE('',#885,#886,#753,.T.);
#1083=EDGE_CURVE('',#886,#887,#147,.T.);
#1084=EDGE_CURVE('',#887,#880,#754,.T.);
#1085=EDGE_CURVE('',#838,#888,#148,.T.);
#1086=EDGE_CURVE('',#888,#879,#755,.T.);
#1087=EDGE_CURVE('',#889,#837,#149,.T.);
#1088=EDGE_CURVE('',#888,#889,#150,.T.);
#1089=EDGE_CURVE('',#890,#891,#151,.T.);
#1090=EDGE_CURVE('',#885,#890,#152,.T.);
#1091=EDGE_CURVE('',#884,#891,#153,.T.);
#1092=EDGE_CURVE('',#891,#892,#756,.T.);
#1093=EDGE_CURVE('',#883,#892,#154,.T.);
#1094=EDGE_CURVE('',#892,#893,#155,.T.);
#1095=EDGE_CURVE('',#882,#893,#156,.T.);
#1096=EDGE_CURVE('',#893,#894,#757,.T.);
#1097=EDGE_CURVE('',#881,#894,#157,.T.);
#1098=EDGE_CURVE('',#894,#895,#158,.T.);
#1099=EDGE_CURVE('',#880,#895,#159,.T.);
#1100=EDGE_CURVE('',#895,#896,#758,.T.);
#1101=EDGE_CURVE('',#887,#896,#160,.T.);
#1102=EDGE_CURVE('',#896,#897,#161,.T.);
#1103=EDGE_CURVE('',#886,#897,#162,.T.);
#1104=EDGE_CURVE('',#897,#890,#759,.T.);
#1105=EDGE_CURVE('',#873,#898,#760,.T.);
#1106=EDGE_CURVE('',#898,#855,#163,.T.);
#1107=EDGE_CURVE('',#899,#898,#164,.T.);
#1108=EDGE_CURVE('',#853,#899,#165,.T.);
#1109=EDGE_CURVE('',#899,#900,#761,.T.);
#1110=EDGE_CURVE('',#900,#851,#166,.T.);
#1111=EDGE_CURVE('',#849,#901,#167,.T.);
#1112=EDGE_CURVE('',#901,#902,#762,.T.);
#1113=EDGE_CURVE('',#902,#847,#168,.T.);
#1114=EDGE_CURVE('',#903,#902,#169,.T.);
#1115=EDGE_CURVE('',#845,#903,#170,.T.);
#1116=EDGE_CURVE('',#904,#889,#763,.T.);
#1117=EDGE_CURVE('',#904,#905,#171,.T.);
#1118=EDGE_CURVE('',#903,#905,#764,.T.);
#1119=EDGE_CURVE('',#901,#900,#172,.T.);
#1120=EDGE_CURVE('',#906,#907,#173,.T.);
#1121=EDGE_CURVE('',#907,#908,#174,.T.);
#1122=EDGE_CURVE('',#908,#909,#175,.T.);
#1123=EDGE_CURVE('',#909,#910,#176,.T.);
#1124=EDGE_CURVE('',#910,#911,#177,.T.);
#1125=EDGE_CURVE('',#911,#912,#178,.T.);
#1126=EDGE_CURVE('',#912,#913,#179,.T.);
#1127=EDGE_CURVE('',#913,#914,#180,.T.);
#1128=EDGE_CURVE('',#914,#906,#181,.T.);
#1129=EDGE_CURVE('',#905,#843,#182,.T.);
#1130=EDGE_CURVE('',#841,#904,#183,.T.);
#1131=EDGE_CURVE('',#915,#797,#184,.T.);
#1132=EDGE_CURVE('',#915,#916,#765,.T.);
#1133=EDGE_CURVE('',#916,#798,#185,.T.);
#1134=EDGE_CURVE('',#917,#796,#186,.T.);
#1135=EDGE_CURVE('',#915,#917,#187,.T.);
#1136=EDGE_CURVE('',#918,#799,#188,.T.);
#1137=EDGE_CURVE('',#918,#917,#766,.T.);
#1138=EDGE_CURVE('',#916,#918,#189,.T.);
#1139=EDGE_CURVE('',#919,#803,#190,.T.);
#1140=EDGE_CURVE('',#919,#920,#767,.T.);
#1141=EDGE_CURVE('',#920,#804,#191,.T.);
#1142=EDGE_CURVE('',#921,#802,#192,.T.);
#1143=EDGE_CURVE('',#921,#919,#193,.T.);
#1144=EDGE_CURVE('',#922,#801,#194,.T.);
#1145=EDGE_CURVE('',#922,#921,#768,.T.);
#1146=EDGE_CURVE('',#923,#800,#195,.T.);
#1147=EDGE_CURVE('',#923,#922,#196,.T.);
#1148=EDGE_CURVE('',#924,#807,#197,.T.);
#1149=EDGE_CURVE('',#924,#923,#769,.T.);
#1150=EDGE_CURVE('',#925,#806,#198,.T.);
#1151=EDGE_CURVE('',#925,#924,#199,.T.);
#1152=EDGE_CURVE('',#926,#805,#200,.T.);
#1153=EDGE_CURVE('',#926,#925,#770,.T.);
#1154=EDGE_CURVE('',#920,#926,#201,.T.);
#1155=EDGE_CURVE('',#927,#811,#202,.T.);
#1156=EDGE_CURVE('',#927,#928,#771,.T.);
#1157=EDGE_CURVE('',#928,#812,#203,.T.);
#1158=EDGE_CURVE('',#929,#810,#204,.T.);
#1159=EDGE_CURVE('',#929,#927,#205,.T.);
#1160=EDGE_CURVE('',#930,#809,#206,.T.);
#1161=EDGE_CURVE('',#930,#929,#772,.T.);
#1162=EDGE_CURVE('',#931,#808,#207,.T.);
#1163=EDGE_CURVE('',#931,#930,#208,.T.);
#1164=EDGE_CURVE('',#932,#815,#209,.T.);
#1165=EDGE_CURVE('',#932,#931,#773,.T.);
#1166=EDGE_CURVE('',#933,#814,#210,.T.);
#1167=EDGE_CURVE('',#933,#932,#211,.T.);
#1168=EDGE_CURVE('',#934,#813,#212,.T.);
#1169=EDGE_CURVE('',#934,#933,#774,.T.);
#1170=EDGE_CURVE('',#928,#934,#213,.T.);
#1171=EDGE_CURVE('',#935,#819,#214,.T.);
#1172=EDGE_CURVE('',#935,#936,#775,.T.);
#1173=EDGE_CURVE('',#936,#820,#215,.T.);
#1174=EDGE_CURVE('',#937,#818,#216,.T.);
#1175=EDGE_CURVE('',#937,#935,#217,.T.);
#1176=EDGE_CURVE('',#938,#817,#218,.T.);
#1177=EDGE_CURVE('',#938,#937,#776,.T.);
#1178=EDGE_CURVE('',#939,#816,#219,.T.);
#1179=EDGE_CURVE('',#939,#938,#220,.T.);
#1180=EDGE_CURVE('',#940,#823,#221,.T.);
#1181=EDGE_CURVE('',#940,#939,#777,.T.);
#1182=EDGE_CURVE('',#941,#822,#222,.T.);
#1183=EDGE_CURVE('',#941,#940,#223,.T.);
#1184=EDGE_CURVE('',#942,#821,#224,.T.);
#1185=EDGE_CURVE('',#942,#941,#778,.T.);
#1186=EDGE_CURVE('',#936,#942,#225,.T.);
#1187=EDGE_CURVE('',#943,#827,#226,.T.);
#1188=EDGE_CURVE('',#943,#944,#779,.T.);
#1189=EDGE_CURVE('',#944,#828,#227,.T.);
#1190=EDGE_CURVE('',#945,#826,#228,.T.);
#1191=EDGE_CURVE('',#945,#943,#229,.T.);
#1192=EDGE_CURVE('',#946,#825,#230,.T.);
#1193=EDGE_CURVE('',#946,#945,#780,.T.);
#1194=EDGE_CURVE('',#947,#824,#231,.T.);
#1195=EDGE_CURVE('',#947,#946,#232,.T.);
#1196=EDGE_CURVE('',#948,#831,#233,.T.);
#1197=EDGE_CURVE('',#948,#947,#781,.T.);
#1198=EDGE_CURVE('',#949,#830,#234,.T.);
#1199=EDGE_CURVE('',#949,#948,#235,.T.);
#1200=EDGE_CURVE('',#950,#829,#236,.T.);
#1201=EDGE_CURVE('',#950,#949,#782,.T.);
#1202=EDGE_CURVE('',#944,#950,#237,.T.);
#1203=EDGE_CURVE('',#913,#790,#238,.T.);
#1204=EDGE_CURVE('',#912,#791,#239,.T.);
#1205=EDGE_CURVE('',#914,#789,#240,.T.);
#1206=EDGE_CURVE('',#906,#788,#241,.T.);
#1207=EDGE_CURVE('',#787,#907,#242,.T.);
#1208=EDGE_CURVE('',#908,#786,#243,.T.);
#1209=EDGE_CURVE('',#909,#794,#244,.T.);
#1210=EDGE_CURVE('',#910,#793,#245,.T.);
#1211=EDGE_CURVE('',#911,#792,#246,.T.);
#1212=ORIENTED_EDGE('',*,*,#951,.T.);
#1213=ORIENTED_EDGE('',*,*,#952,.T.);
#1214=ORIENTED_EDGE('',*,*,#953,.T.);
#1215=ORIENTED_EDGE('',*,*,#952,.F.);
#1216=ORIENTED_EDGE('',*,*,#954,.T.);
#1217=ORIENTED_EDGE('',*,*,#955,.T.);
#1218=ORIENTED_EDGE('',*,*,#956,.T.);
#1219=ORIENTED_EDGE('',*,*,#957,.T.);
#1220=ORIENTED_EDGE('',*,*,#958,.T.);
#1221=ORIENTED_EDGE('',*,*,#959,.T.);
#1222=ORIENTED_EDGE('',*,*,#960,.T.);
#1223=ORIENTED_EDGE('',*,*,#961,.T.);
#1224=ORIENTED_EDGE('',*,*,#962,.T.);
#1225=ORIENTED_EDGE('',*,*,#963,.T.);
#1226=ORIENTED_EDGE('',*,*,#964,.F.);
#1227=ORIENTED_EDGE('',*,*,#965,.T.);
#1228=ORIENTED_EDGE('',*,*,#966,.T.);
#1229=ORIENTED_EDGE('',*,*,#967,.T.);
#1230=ORIENTED_EDGE('',*,*,#968,.T.);
#1231=ORIENTED_EDGE('',*,*,#969,.T.);
#1232=ORIENTED_EDGE('',*,*,#970,.T.);
#1233=ORIENTED_EDGE('',*,*,#971,.T.);
#1234=ORIENTED_EDGE('',*,*,#972,.T.);
#1235=ORIENTED_EDGE('',*,*,#973,.T.);
#1236=ORIENTED_EDGE('',*,*,#974,.T.);
#1237=ORIENTED_EDGE('',*,*,#975,.T.);
#1238=ORIENTED_EDGE('',*,*,#976,.T.);
#1239=ORIENTED_EDGE('',*,*,#977,.T.);
#1240=ORIENTED_EDGE('',*,*,#978,.T.);
#1241=ORIENTED_EDGE('',*,*,#979,.T.);
#1242=ORIENTED_EDGE('',*,*,#980,.T.);
#1243=ORIENTED_EDGE('',*,*,#981,.T.);
#1244=ORIENTED_EDGE('',*,*,#982,.T.);
#1245=ORIENTED_EDGE('',*,*,#983,.T.);
#1246=ORIENTED_EDGE('',*,*,#984,.T.);
#1247=ORIENTED_EDGE('',*,*,#985,.T.);
#1248=ORIENTED_EDGE('',*,*,#986,.T.);
#1249=ORIENTED_EDGE('',*,*,#987,.T.);
#1250=ORIENTED_EDGE('',*,*,#988,.T.);
#1251=ORIENTED_EDGE('',*,*,#989,.T.);
#1252=ORIENTED_EDGE('',*,*,#990,.T.);
#1253=ORIENTED_EDGE('',*,*,#991,.T.);
#1254=ORIENTED_EDGE('',*,*,#992,.T.);
#1255=ORIENTED_EDGE('',*,*,#993,.T.);
#1256=ORIENTED_EDGE('',*,*,#994,.T.);
#1257=ORIENTED_EDGE('',*,*,#995,.T.);
#1258=ORIENTED_EDGE('',*,*,#996,.T.);
#1259=ORIENTED_EDGE('',*,*,#997,.T.);
#1260=ORIENTED_EDGE('',*,*,#998,.T.);
#1261=ORIENTED_EDGE('',*,*,#999,.T.);
#1262=ORIENTED_EDGE('',*,*,#1000,.T.);
#1263=ORIENTED_EDGE('',*,*,#953,.F.);
#1264=ORIENTED_EDGE('',*,*,#1001,.F.);
#1265=ORIENTED_EDGE('',*,*,#1002,.T.);
#1266=ORIENTED_EDGE('',*,*,#954,.F.);
#1267=ORIENTED_EDGE('',*,*,#951,.F.);
#1268=ORIENTED_EDGE('',*,*,#1002,.F.);
#1269=ORIENTED_EDGE('',*,*,#1003,.T.);
#1270=ORIENTED_EDGE('',*,*,#1004,.T.);
#1271=ORIENTED_EDGE('',*,*,#964,.T.);
#1272=ORIENTED_EDGE('',*,*,#1004,.F.);
#1273=ORIENTED_EDGE('',*,*,#1005,.T.);
#1274=ORIENTED_EDGE('',*,*,#1006,.F.);
#1275=ORIENTED_EDGE('',*,*,#1007,.T.);
#1276=ORIENTED_EDGE('',*,*,#1005,.F.);
#1277=ORIENTED_EDGE('',*,*,#1003,.F.);
#1278=ORIENTED_EDGE('',*,*,#1007,.F.);
#1279=ORIENTED_EDGE('',*,*,#1008,.T.);
#1280=ORIENTED_EDGE('',*,*,#1009,.T.);
#1281=ORIENTED_EDGE('',*,*,#1010,.T.);
#1282=ORIENTED_EDGE('',*,*,#1011,.T.);
#1283=ORIENTED_EDGE('',*,*,#1012,.T.);
#1284=ORIENTED_EDGE('',*,*,#1013,.T.);
#1285=ORIENTED_EDGE('',*,*,#1008,.F.);
#1286=ORIENTED_EDGE('',*,*,#1014,.T.);
#1287=ORIENTED_EDGE('',*,*,#1015,.T.);
#1288=ORIENTED_EDGE('',*,*,#1016,.T.);
#1289=ORIENTED_EDGE('',*,*,#1012,.F.);
#1290=ORIENTED_EDGE('',*,*,#1017,.T.);
#1291=ORIENTED_EDGE('',*,*,#1018,.T.);
#1292=ORIENTED_EDGE('',*,*,#1019,.T.);
#1293=ORIENTED_EDGE('',*,*,#1015,.F.);
#1294=ORIENTED_EDGE('',*,*,#1020,.T.);
#1295=ORIENTED_EDGE('',*,*,#1021,.T.);
#1296=ORIENTED_EDGE('',*,*,#1022,.T.);
#1297=ORIENTED_EDGE('',*,*,#1018,.F.);
#1298=ORIENTED_EDGE('',*,*,#1023,.T.);
#1299=ORIENTED_EDGE('',*,*,#1024,.T.);
#1300=ORIENTED_EDGE('',*,*,#1025,.T.);
#1301=ORIENTED_EDGE('',*,*,#1021,.F.);
#1302=ORIENTED_EDGE('',*,*,#1026,.T.);
#1303=ORIENTED_EDGE('',*,*,#1027,.T.);
#1304=ORIENTED_EDGE('',*,*,#1028,.T.);
#1305=ORIENTED_EDGE('',*,*,#1024,.F.);
#1306=ORIENTED_EDGE('',*,*,#1029,.T.);
#1307=ORIENTED_EDGE('',*,*,#1030,.T.);
#1308=ORIENTED_EDGE('',*,*,#1031,.T.);
#1309=ORIENTED_EDGE('',*,*,#1027,.F.);
#1310=ORIENTED_EDGE('',*,*,#1032,.T.);
#1311=ORIENTED_EDGE('',*,*,#1033,.T.);
#1312=ORIENTED_EDGE('',*,*,#1034,.T.);
#1313=ORIENTED_EDGE('',*,*,#1030,.F.);
#1314=ORIENTED_EDGE('',*,*,#1035,.T.);
#1315=ORIENTED_EDGE('',*,*,#1036,.T.);
#1316=ORIENTED_EDGE('',*,*,#1037,.T.);
#1317=ORIENTED_EDGE('',*,*,#1033,.F.);
#1318=ORIENTED_EDGE('',*,*,#1038,.T.);
#1319=ORIENTED_EDGE('',*,*,#1039,.T.);
#1320=ORIENTED_EDGE('',*,*,#1040,.T.);
#1321=ORIENTED_EDGE('',*,*,#1036,.F.);
#1322=ORIENTED_EDGE('',*,*,#1041,.T.);
#1323=ORIENTED_EDGE('',*,*,#1042,.T.);
#1324=ORIENTED_EDGE('',*,*,#1043,.T.);
#1325=ORIENTED_EDGE('',*,*,#1039,.F.);
#1326=ORIENTED_EDGE('',*,*,#1044,.T.);
#1327=ORIENTED_EDGE('',*,*,#1045,.T.);
#1328=ORIENTED_EDGE('',*,*,#1046,.T.);
#1329=ORIENTED_EDGE('',*,*,#1042,.F.);
#1330=ORIENTED_EDGE('',*,*,#1047,.T.);
#1331=ORIENTED_EDGE('',*,*,#1048,.T.);
#1332=ORIENTED_EDGE('',*,*,#1049,.T.);
#1333=ORIENTED_EDGE('',*,*,#1045,.F.);
#1334=ORIENTED_EDGE('',*,*,#1050,.T.);
#1335=ORIENTED_EDGE('',*,*,#1051,.T.);
#1336=ORIENTED_EDGE('',*,*,#1052,.T.);
#1337=ORIENTED_EDGE('',*,*,#1048,.F.);
#1338=ORIENTED_EDGE('',*,*,#1053,.T.);
#1339=ORIENTED_EDGE('',*,*,#1054,.T.);
#1340=ORIENTED_EDGE('',*,*,#1055,.T.);
#1341=ORIENTED_EDGE('',*,*,#1051,.F.);
#1342=ORIENTED_EDGE('',*,*,#1056,.T.);
#1343=ORIENTED_EDGE('',*,*,#1057,.T.);
#1344=ORIENTED_EDGE('',*,*,#1058,.T.);
#1345=ORIENTED_EDGE('',*,*,#1054,.F.);
#1346=ORIENTED_EDGE('',*,*,#1059,.T.);
#1347=ORIENTED_EDGE('',*,*,#1010,.F.);
#1348=ORIENTED_EDGE('',*,*,#1060,.T.);
#1349=ORIENTED_EDGE('',*,*,#1057,.F.);
#1350=ORIENTED_EDGE('',*,*,#1061,.T.);
#1351=ORIENTED_EDGE('',*,*,#1040,.F.);
#1352=ORIENTED_EDGE('',*,*,#1062,.F.);
#1353=ORIENTED_EDGE('',*,*,#1063,.F.);
#1354=ORIENTED_EDGE('',*,*,#1064,.F.);
#1355=ORIENTED_EDGE('',*,*,#1043,.F.);
#1356=ORIENTED_EDGE('',*,*,#1065,.T.);
#1357=ORIENTED_EDGE('',*,*,#1066,.T.);
#1358=ORIENTED_EDGE('',*,*,#1062,.T.);
#1359=ORIENTED_EDGE('',*,*,#1046,.F.);
#1360=ORIENTED_EDGE('',*,*,#1067,.F.);
#1361=ORIENTED_EDGE('',*,*,#1068,.F.);
#1362=ORIENTED_EDGE('',*,*,#1065,.F.);
#1363=ORIENTED_EDGE('',*,*,#1049,.F.);
#1364=ORIENTED_EDGE('',*,*,#1069,.T.);
#1365=ORIENTED_EDGE('',*,*,#1070,.T.);
#1366=ORIENTED_EDGE('',*,*,#1067,.T.);
#1367=ORIENTED_EDGE('',*,*,#1052,.F.);
#1368=ORIENTED_EDGE('',*,*,#1071,.F.);
#1369=ORIENTED_EDGE('',*,*,#1072,.F.);
#1370=ORIENTED_EDGE('',*,*,#1069,.F.);
#1371=ORIENTED_EDGE('',*,*,#1055,.F.);
#1372=ORIENTED_EDGE('',*,*,#1073,.T.);
#1373=ORIENTED_EDGE('',*,*,#1074,.T.);
#1374=ORIENTED_EDGE('',*,*,#1071,.T.);
#1375=ORIENTED_EDGE('',*,*,#1058,.F.);
#1376=ORIENTED_EDGE('',*,*,#1075,.F.);
#1377=ORIENTED_EDGE('',*,*,#1076,.F.);
#1378=ORIENTED_EDGE('',*,*,#1073,.F.);
#1379=ORIENTED_EDGE('',*,*,#1077,.T.);
#1380=ORIENTED_EDGE('',*,*,#1078,.T.);
#1381=ORIENTED_EDGE('',*,*,#1079,.T.);
#1382=ORIENTED_EDGE('',*,*,#1080,.T.);
#1383=ORIENTED_EDGE('',*,*,#1081,.T.);
#1384=ORIENTED_EDGE('',*,*,#1082,.T.);
#1385=ORIENTED_EDGE('',*,*,#1083,.T.);
#1386=ORIENTED_EDGE('',*,*,#1084,.T.);
#1387=ORIENTED_EDGE('',*,*,#1060,.F.);
#1388=ORIENTED_EDGE('',*,*,#1085,.T.);
#1389=ORIENTED_EDGE('',*,*,#1086,.T.);
#1390=ORIENTED_EDGE('',*,*,#1075,.T.);
#1391=ORIENTED_EDGE('',*,*,#1009,.F.);
#1392=ORIENTED_EDGE('',*,*,#1087,.F.);
#1393=ORIENTED_EDGE('',*,*,#1088,.F.);
#1394=ORIENTED_EDGE('',*,*,#1085,.F.);
#1395=ORIENTED_EDGE('',*,*,#1011,.F.);
#1396=ORIENTED_EDGE('',*,*,#1061,.F.);
#1397=ORIENTED_EDGE('',*,*,#1059,.F.);
#1398=ORIENTED_EDGE('',*,*,#1056,.F.);
#1399=ORIENTED_EDGE('',*,*,#1053,.F.);
#1400=ORIENTED_EDGE('',*,*,#1050,.F.);
#1401=ORIENTED_EDGE('',*,*,#1047,.F.);
#1402=ORIENTED_EDGE('',*,*,#1044,.F.);
#1403=ORIENTED_EDGE('',*,*,#1041,.F.);
#1404=ORIENTED_EDGE('',*,*,#1038,.F.);
#1405=ORIENTED_EDGE('',*,*,#1035,.F.);
#1406=ORIENTED_EDGE('',*,*,#1032,.F.);
#1407=ORIENTED_EDGE('',*,*,#1029,.F.);
#1408=ORIENTED_EDGE('',*,*,#1026,.F.);
#1409=ORIENTED_EDGE('',*,*,#1023,.F.);
#1410=ORIENTED_EDGE('',*,*,#1020,.F.);
#1411=ORIENTED_EDGE('',*,*,#1017,.F.);
#1412=ORIENTED_EDGE('',*,*,#1014,.F.);
#1413=ORIENTED_EDGE('',*,*,#1089,.F.);
#1414=ORIENTED_EDGE('',*,*,#1090,.F.);
#1415=ORIENTED_EDGE('',*,*,#1081,.F.);
#1416=ORIENTED_EDGE('',*,*,#1091,.T.);
#1417=ORIENTED_EDGE('',*,*,#1092,.F.);
#1418=ORIENTED_EDGE('',*,*,#1091,.F.);
#1419=ORIENTED_EDGE('',*,*,#1080,.F.);
#1420=ORIENTED_EDGE('',*,*,#1093,.T.);
#1421=ORIENTED_EDGE('',*,*,#1094,.F.);
#1422=ORIENTED_EDGE('',*,*,#1093,.F.);
#1423=ORIENTED_EDGE('',*,*,#1079,.F.);
#1424=ORIENTED_EDGE('',*,*,#1095,.T.);
#1425=ORIENTED_EDGE('',*,*,#1096,.F.);
#1426=ORIENTED_EDGE('',*,*,#1095,.F.);
#1427=ORIENTED_EDGE('',*,*,#1078,.F.);
#1428=ORIENTED_EDGE('',*,*,#1097,.T.);
#1429=ORIENTED_EDGE('',*,*,#1098,.F.);
#1430=ORIENTED_EDGE('',*,*,#1097,.F.);
#1431=ORIENTED_EDGE('',*,*,#1077,.F.);
#1432=ORIENTED_EDGE('',*,*,#1099,.T.);
#1433=ORIENTED_EDGE('',*,*,#1100,.F.);
#1434=ORIENTED_EDGE('',*,*,#1099,.F.);
#1435=ORIENTED_EDGE('',*,*,#1084,.F.);
#1436=ORIENTED_EDGE('',*,*,#1101,.T.);
#1437=ORIENTED_EDGE('',*,*,#1102,.F.);
#1438=ORIENTED_EDGE('',*,*,#1101,.F.);
#1439=ORIENTED_EDGE('',*,*,#1083,.F.);
#1440=ORIENTED_EDGE('',*,*,#1103,.T.);
#1441=ORIENTED_EDGE('',*,*,#1104,.F.);
#1442=ORIENTED_EDGE('',*,*,#1103,.F.);
#1443=ORIENTED_EDGE('',*,*,#1082,.F.);
#1444=ORIENTED_EDGE('',*,*,#1090,.T.);
#1445=ORIENTED_EDGE('',*,*,#1037,.F.);
#1446=ORIENTED_EDGE('',*,*,#1064,.T.);
#1447=ORIENTED_EDGE('',*,*,#1105,.T.);
#1448=ORIENTED_EDGE('',*,*,#1106,.T.);
#1449=ORIENTED_EDGE('',*,*,#1034,.F.);
#1450=ORIENTED_EDGE('',*,*,#1106,.F.);
#1451=ORIENTED_EDGE('',*,*,#1107,.F.);
#1452=ORIENTED_EDGE('',*,*,#1108,.F.);
#1453=ORIENTED_EDGE('',*,*,#1031,.F.);
#1454=ORIENTED_EDGE('',*,*,#1108,.T.);
#1455=ORIENTED_EDGE('',*,*,#1109,.T.);
#1456=ORIENTED_EDGE('',*,*,#1110,.T.);
#1457=ORIENTED_EDGE('',*,*,#1025,.F.);
#1458=ORIENTED_EDGE('',*,*,#1111,.T.);
#1459=ORIENTED_EDGE('',*,*,#1112,.T.);
#1460=ORIENTED_EDGE('',*,*,#1113,.T.);
#1461=ORIENTED_EDGE('',*,*,#1022,.F.);
#1462=ORIENTED_EDGE('',*,*,#1113,.F.);
#1463=ORIENTED_EDGE('',*,*,#1114,.F.);
#1464=ORIENTED_EDGE('',*,*,#1115,.F.);
#1465=ORIENTED_EDGE('',*,*,#1105,.F.);
#1466=ORIENTED_EDGE('',*,*,#1063,.T.);
#1467=ORIENTED_EDGE('',*,*,#1066,.F.);
#1468=ORIENTED_EDGE('',*,*,#1068,.T.);
#1469=ORIENTED_EDGE('',*,*,#1070,.F.);
#1470=ORIENTED_EDGE('',*,*,#1072,.T.);
#1471=ORIENTED_EDGE('',*,*,#1074,.F.);
#1472=ORIENTED_EDGE('',*,*,#1076,.T.);
#1473=ORIENTED_EDGE('',*,*,#1086,.F.);
#1474=ORIENTED_EDGE('',*,*,#1088,.T.);
#1475=ORIENTED_EDGE('',*,*,#1116,.F.);
#1476=ORIENTED_EDGE('',*,*,#1117,.T.);
#1477=ORIENTED_EDGE('',*,*,#1118,.F.);
#1478=ORIENTED_EDGE('',*,*,#1114,.T.);
#1479=ORIENTED_EDGE('',*,*,#1112,.F.);
#1480=ORIENTED_EDGE('',*,*,#1119,.T.);
#1481=ORIENTED_EDGE('',*,*,#1109,.F.);
#1482=ORIENTED_EDGE('',*,*,#1107,.T.);
#1483=ORIENTED_EDGE('',*,*,#1120,.T.);
#1484=ORIENTED_EDGE('',*,*,#1121,.T.);
#1485=ORIENTED_EDGE('',*,*,#1122,.T.);
#1486=ORIENTED_EDGE('',*,*,#1123,.T.);
#1487=ORIENTED_EDGE('',*,*,#1124,.T.);
#1488=ORIENTED_EDGE('',*,*,#1125,.T.);
#1489=ORIENTED_EDGE('',*,*,#1126,.T.);
#1490=ORIENTED_EDGE('',*,*,#1127,.T.);
#1491=ORIENTED_EDGE('',*,*,#1128,.T.);
#1492=ORIENTED_EDGE('',*,*,#1019,.F.);
#1493=ORIENTED_EDGE('',*,*,#1115,.T.);
#1494=ORIENTED_EDGE('',*,*,#1118,.T.);
#1495=ORIENTED_EDGE('',*,*,#1129,.T.);
#1496=ORIENTED_EDGE('',*,*,#1016,.F.);
#1497=ORIENTED_EDGE('',*,*,#1129,.F.);
#1498=ORIENTED_EDGE('',*,*,#1117,.F.);
#1499=ORIENTED_EDGE('',*,*,#1130,.F.);
#1500=ORIENTED_EDGE('',*,*,#1013,.F.);
#1501=ORIENTED_EDGE('',*,*,#1130,.T.);
#1502=ORIENTED_EDGE('',*,*,#1116,.T.);
#1503=ORIENTED_EDGE('',*,*,#1087,.T.);
#1504=ORIENTED_EDGE('',*,*,#1001,.T.);
#1505=ORIENTED_EDGE('',*,*,#1006,.T.);
#1506=ORIENTED_EDGE('',*,*,#966,.F.);
#1507=ORIENTED_EDGE('',*,*,#1131,.F.);
#1508=ORIENTED_EDGE('',*,*,#1132,.T.);
#1509=ORIENTED_EDGE('',*,*,#1133,.T.);
#1510=ORIENTED_EDGE('',*,*,#965,.F.);
#1511=ORIENTED_EDGE('',*,*,#1134,.F.);
#1512=ORIENTED_EDGE('',*,*,#1135,.F.);
#1513=ORIENTED_EDGE('',*,*,#1131,.T.);
#1514=ORIENTED_EDGE('',*,*,#968,.F.);
#1515=ORIENTED_EDGE('',*,*,#1136,.F.);
#1516=ORIENTED_EDGE('',*,*,#1137,.T.);
#1517=ORIENTED_EDGE('',*,*,#1134,.T.);
#1518=ORIENTED_EDGE('',*,*,#967,.F.);
#1519=ORIENTED_EDGE('',*,*,#1133,.F.);
#1520=ORIENTED_EDGE('',*,*,#1138,.T.);
#1521=ORIENTED_EDGE('',*,*,#1136,.T.);
#1522=ORIENTED_EDGE('',*,*,#1132,.F.);
#1523=ORIENTED_EDGE('',*,*,#1135,.T.);
#1524=ORIENTED_EDGE('',*,*,#1137,.F.);
#1525=ORIENTED_EDGE('',*,*,#1138,.F.);
#1526=ORIENTED_EDGE('',*,*,#972,.F.);
#1527=ORIENTED_EDGE('',*,*,#1139,.F.);
#1528=ORIENTED_EDGE('',*,*,#1140,.T.);
#1529=ORIENTED_EDGE('',*,*,#1141,.T.);
#1530=ORIENTED_EDGE('',*,*,#971,.F.);
#1531=ORIENTED_EDGE('',*,*,#1142,.F.);
#1532=ORIENTED_EDGE('',*,*,#1143,.T.);
#1533=ORIENTED_EDGE('',*,*,#1139,.T.);
#1534=ORIENTED_EDGE('',*,*,#970,.F.);
#1535=ORIENTED_EDGE('',*,*,#1144,.F.);
#1536=ORIENTED_EDGE('',*,*,#1145,.T.);
#1537=ORIENTED_EDGE('',*,*,#1142,.T.);
#1538=ORIENTED_EDGE('',*,*,#969,.F.);
#1539=ORIENTED_EDGE('',*,*,#1146,.F.);
#1540=ORIENTED_EDGE('',*,*,#1147,.T.);
#1541=ORIENTED_EDGE('',*,*,#1144,.T.);
#1542=ORIENTED_EDGE('',*,*,#976,.F.);
#1543=ORIENTED_EDGE('',*,*,#1148,.F.);
#1544=ORIENTED_EDGE('',*,*,#1149,.T.);
#1545=ORIENTED_EDGE('',*,*,#1146,.T.);
#1546=ORIENTED_EDGE('',*,*,#975,.F.);
#1547=ORIENTED_EDGE('',*,*,#1150,.F.);
#1548=ORIENTED_EDGE('',*,*,#1151,.T.);
#1549=ORIENTED_EDGE('',*,*,#1148,.T.);
#1550=ORIENTED_EDGE('',*,*,#974,.F.);
#1551=ORIENTED_EDGE('',*,*,#1152,.F.);
#1552=ORIENTED_EDGE('',*,*,#1153,.T.);
#1553=ORIENTED_EDGE('',*,*,#1150,.T.);
#1554=ORIENTED_EDGE('',*,*,#973,.F.);
#1555=ORIENTED_EDGE('',*,*,#1141,.F.);
#1556=ORIENTED_EDGE('',*,*,#1154,.T.);
#1557=ORIENTED_EDGE('',*,*,#1152,.T.);
#1558=ORIENTED_EDGE('',*,*,#1145,.F.);
#1559=ORIENTED_EDGE('',*,*,#1147,.F.);
#1560=ORIENTED_EDGE('',*,*,#1149,.F.);
#1561=ORIENTED_EDGE('',*,*,#1151,.F.);
#1562=ORIENTED_EDGE('',*,*,#1153,.F.);
#1563=ORIENTED_EDGE('',*,*,#1154,.F.);
#1564=ORIENTED_EDGE('',*,*,#1140,.F.);
#1565=ORIENTED_EDGE('',*,*,#1143,.F.);
#1566=ORIENTED_EDGE('',*,*,#980,.F.);
#1567=ORIENTED_EDGE('',*,*,#1155,.F.);
#1568=ORIENTED_EDGE('',*,*,#1156,.T.);
#1569=ORIENTED_EDGE('',*,*,#1157,.T.);
#1570=ORIENTED_EDGE('',*,*,#979,.F.);
#1571=ORIENTED_EDGE('',*,*,#1158,.F.);
#1572=ORIENTED_EDGE('',*,*,#1159,.T.);
#1573=ORIENTED_EDGE('',*,*,#1155,.T.);
#1574=ORIENTED_EDGE('',*,*,#978,.F.);
#1575=ORIENTED_EDGE('',*,*,#1160,.F.);
#1576=ORIENTED_EDGE('',*,*,#1161,.T.);
#1577=ORIENTED_EDGE('',*,*,#1158,.T.);
#1578=ORIENTED_EDGE('',*,*,#977,.F.);
#1579=ORIENTED_EDGE('',*,*,#1162,.F.);
#1580=ORIENTED_EDGE('',*,*,#1163,.T.);
#1581=ORIENTED_EDGE('',*,*,#1160,.T.);
#1582=ORIENTED_EDGE('',*,*,#984,.F.);
#1583=ORIENTED_EDGE('',*,*,#1164,.F.);
#1584=ORIENTED_EDGE('',*,*,#1165,.T.);
#1585=ORIENTED_EDGE('',*,*,#1162,.T.);
#1586=ORIENTED_EDGE('',*,*,#983,.F.);
#1587=ORIENTED_EDGE('',*,*,#1166,.F.);
#1588=ORIENTED_EDGE('',*,*,#1167,.T.);
#1589=ORIENTED_EDGE('',*,*,#1164,.T.);
#1590=ORIENTED_EDGE('',*,*,#982,.F.);
#1591=ORIENTED_EDGE('',*,*,#1168,.F.);
#1592=ORIENTED_EDGE('',*,*,#1169,.T.);
#1593=ORIENTED_EDGE('',*,*,#1166,.T.);
#1594=ORIENTED_EDGE('',*,*,#981,.F.);
#1595=ORIENTED_EDGE('',*,*,#1157,.F.);
#1596=ORIENTED_EDGE('',*,*,#1170,.T.);
#1597=ORIENTED_EDGE('',*,*,#1168,.T.);
#1598=ORIENTED_EDGE('',*,*,#1161,.F.);
#1599=ORIENTED_EDGE('',*,*,#1163,.F.);
#1600=ORIENTED_EDGE('',*,*,#1165,.F.);
#1601=ORIENTED_EDGE('',*,*,#1167,.F.);
#1602=ORIENTED_EDGE('',*,*,#1169,.F.);
#1603=ORIENTED_EDGE('',*,*,#1170,.F.);
#1604=ORIENTED_EDGE('',*,*,#1156,.F.);
#1605=ORIENTED_EDGE('',*,*,#1159,.F.);
#1606=ORIENTED_EDGE('',*,*,#988,.F.);
#1607=ORIENTED_EDGE('',*,*,#1171,.F.);
#1608=ORIENTED_EDGE('',*,*,#1172,.T.);
#1609=ORIENTED_EDGE('',*,*,#1173,.T.);
#1610=ORIENTED_EDGE('',*,*,#987,.F.);
#1611=ORIENTED_EDGE('',*,*,#1174,.F.);
#1612=ORIENTED_EDGE('',*,*,#1175,.T.);
#1613=ORIENTED_EDGE('',*,*,#1171,.T.);
#1614=ORIENTED_EDGE('',*,*,#986,.F.);
#1615=ORIENTED_EDGE('',*,*,#1176,.F.);
#1616=ORIENTED_EDGE('',*,*,#1177,.T.);
#1617=ORIENTED_EDGE('',*,*,#1174,.T.);
#1618=ORIENTED_EDGE('',*,*,#985,.F.);
#1619=ORIENTED_EDGE('',*,*,#1178,.F.);
#1620=ORIENTED_EDGE('',*,*,#1179,.T.);
#1621=ORIENTED_EDGE('',*,*,#1176,.T.);
#1622=ORIENTED_EDGE('',*,*,#992,.F.);
#1623=ORIENTED_EDGE('',*,*,#1180,.F.);
#1624=ORIENTED_EDGE('',*,*,#1181,.T.);
#1625=ORIENTED_EDGE('',*,*,#1178,.T.);
#1626=ORIENTED_EDGE('',*,*,#991,.F.);
#1627=ORIENTED_EDGE('',*,*,#1182,.F.);
#1628=ORIENTED_EDGE('',*,*,#1183,.T.);
#1629=ORIENTED_EDGE('',*,*,#1180,.T.);
#1630=ORIENTED_EDGE('',*,*,#990,.F.);
#1631=ORIENTED_EDGE('',*,*,#1184,.F.);
#1632=ORIENTED_EDGE('',*,*,#1185,.T.);
#1633=ORIENTED_EDGE('',*,*,#1182,.T.);
#1634=ORIENTED_EDGE('',*,*,#989,.F.);
#1635=ORIENTED_EDGE('',*,*,#1173,.F.);
#1636=ORIENTED_EDGE('',*,*,#1186,.T.);
#1637=ORIENTED_EDGE('',*,*,#1184,.T.);
#1638=ORIENTED_EDGE('',*,*,#1177,.F.);
#1639=ORIENTED_EDGE('',*,*,#1179,.F.);
#1640=ORIENTED_EDGE('',*,*,#1181,.F.);
#1641=ORIENTED_EDGE('',*,*,#1183,.F.);
#1642=ORIENTED_EDGE('',*,*,#1185,.F.);
#1643=ORIENTED_EDGE('',*,*,#1186,.F.);
#1644=ORIENTED_EDGE('',*,*,#1172,.F.);
#1645=ORIENTED_EDGE('',*,*,#1175,.F.);
#1646=ORIENTED_EDGE('',*,*,#996,.F.);
#1647=ORIENTED_EDGE('',*,*,#1187,.F.);
#1648=ORIENTED_EDGE('',*,*,#1188,.T.);
#1649=ORIENTED_EDGE('',*,*,#1189,.T.);
#1650=ORIENTED_EDGE('',*,*,#995,.F.);
#1651=ORIENTED_EDGE('',*,*,#1190,.F.);
#1652=ORIENTED_EDGE('',*,*,#1191,.T.);
#1653=ORIENTED_EDGE('',*,*,#1187,.T.);
#1654=ORIENTED_EDGE('',*,*,#994,.F.);
#1655=ORIENTED_EDGE('',*,*,#1192,.F.);
#1656=ORIENTED_EDGE('',*,*,#1193,.T.);
#1657=ORIENTED_EDGE('',*,*,#1190,.T.);
#1658=ORIENTED_EDGE('',*,*,#993,.F.);
#1659=ORIENTED_EDGE('',*,*,#1194,.F.);
#1660=ORIENTED_EDGE('',*,*,#1195,.T.);
#1661=ORIENTED_EDGE('',*,*,#1192,.T.);
#1662=ORIENTED_EDGE('',*,*,#1000,.F.);
#1663=ORIENTED_EDGE('',*,*,#1196,.F.);
#1664=ORIENTED_EDGE('',*,*,#1197,.T.);
#1665=ORIENTED_EDGE('',*,*,#1194,.T.);
#1666=ORIENTED_EDGE('',*,*,#999,.F.);
#1667=ORIENTED_EDGE('',*,*,#1198,.F.);
#1668=ORIENTED_EDGE('',*,*,#1199,.T.);
#1669=ORIENTED_EDGE('',*,*,#1196,.T.);
#1670=ORIENTED_EDGE('',*,*,#998,.F.);
#1671=ORIENTED_EDGE('',*,*,#1200,.F.);
#1672=ORIENTED_EDGE('',*,*,#1201,.T.);
#1673=ORIENTED_EDGE('',*,*,#1198,.T.);
#1674=ORIENTED_EDGE('',*,*,#997,.F.);
#1675=ORIENTED_EDGE('',*,*,#1189,.F.);
#1676=ORIENTED_EDGE('',*,*,#1202,.T.);
#1677=ORIENTED_EDGE('',*,*,#1200,.T.);
#1678=ORIENTED_EDGE('',*,*,#1193,.F.);
#1679=ORIENTED_EDGE('',*,*,#1195,.F.);
#1680=ORIENTED_EDGE('',*,*,#1197,.F.);
#1681=ORIENTED_EDGE('',*,*,#1199,.F.);
#1682=ORIENTED_EDGE('',*,*,#1201,.F.);
#1683=ORIENTED_EDGE('',*,*,#1202,.F.);
#1684=ORIENTED_EDGE('',*,*,#1188,.F.);
#1685=ORIENTED_EDGE('',*,*,#1191,.F.);
#1686=ORIENTED_EDGE('',*,*,#959,.F.);
#1687=ORIENTED_EDGE('',*,*,#1203,.F.);
#1688=ORIENTED_EDGE('',*,*,#1126,.F.);
#1689=ORIENTED_EDGE('',*,*,#1204,.T.);
#1690=ORIENTED_EDGE('',*,*,#958,.F.);
#1691=ORIENTED_EDGE('',*,*,#1205,.F.);
#1692=ORIENTED_EDGE('',*,*,#1127,.F.);
#1693=ORIENTED_EDGE('',*,*,#1203,.T.);
#1694=ORIENTED_EDGE('',*,*,#1098,.T.);
#1695=ORIENTED_EDGE('',*,*,#1100,.T.);
#1696=ORIENTED_EDGE('',*,*,#1102,.T.);
#1697=ORIENTED_EDGE('',*,*,#1104,.T.);
#1698=ORIENTED_EDGE('',*,*,#1089,.T.);
#1699=ORIENTED_EDGE('',*,*,#1092,.T.);
#1700=ORIENTED_EDGE('',*,*,#1094,.T.);
#1701=ORIENTED_EDGE('',*,*,#1096,.T.);
#1702=ORIENTED_EDGE('',*,*,#957,.F.);
#1703=ORIENTED_EDGE('',*,*,#1206,.F.);
#1704=ORIENTED_EDGE('',*,*,#1128,.F.);
#1705=ORIENTED_EDGE('',*,*,#1205,.T.);
#1706=ORIENTED_EDGE('',*,*,#956,.F.);
#1707=ORIENTED_EDGE('',*,*,#1207,.T.);
#1708=ORIENTED_EDGE('',*,*,#1120,.F.);
#1709=ORIENTED_EDGE('',*,*,#1206,.T.);
#1710=ORIENTED_EDGE('',*,*,#955,.F.);
#1711=ORIENTED_EDGE('',*,*,#1208,.F.);
#1712=ORIENTED_EDGE('',*,*,#1121,.F.);
#1713=ORIENTED_EDGE('',*,*,#1207,.F.);
#1714=ORIENTED_EDGE('',*,*,#963,.F.);
#1715=ORIENTED_EDGE('',*,*,#1209,.F.);
#1716=ORIENTED_EDGE('',*,*,#1122,.F.);
#1717=ORIENTED_EDGE('',*,*,#1208,.T.);
#1718=ORIENTED_EDGE('',*,*,#962,.F.);
#1719=ORIENTED_EDGE('',*,*,#1210,.F.);
#1720=ORIENTED_EDGE('',*,*,#1123,.F.);
#1721=ORIENTED_EDGE('',*,*,#1209,.T.);
#1722=ORIENTED_EDGE('',*,*,#961,.F.);
#1723=ORIENTED_EDGE('',*,*,#1211,.F.);
#1724=ORIENTED_EDGE('',*,*,#1124,.F.);
#1725=ORIENTED_EDGE('',*,*,#1210,.T.);
#1726=ORIENTED_EDGE('',*,*,#960,.F.);
#1727=ORIENTED_EDGE('',*,*,#1204,.F.);
#1728=ORIENTED_EDGE('',*,*,#1125,.F.);
#1729=ORIENTED_EDGE('',*,*,#1211,.T.);
#1730=ORIENTED_EDGE('',*,*,#1028,.F.);
#1731=ORIENTED_EDGE('',*,*,#1110,.F.);
#1732=ORIENTED_EDGE('',*,*,#1119,.F.);
#1733=ORIENTED_EDGE('',*,*,#1111,.F.);
#1734=TOROIDAL_SURFACE('',#1841,1.95000000000002,1.);
#1735=TOROIDAL_SURFACE('',#1868,1.94999999999999,1.);
#1736=ADVANCED_FACE('',(#486),#1734,.F.);
#1737=ADVANCED_FACE('',(#487,#57,#58,#59,#60,#61,#62,#63),#427,.T.);
#1738=ADVANCED_FACE('',(#488),#24,.T.);
#1739=ADVANCED_FACE('',(#489),#1735,.F.);
#1740=ADVANCED_FACE('',(#490),#25,.T.);
#1741=ADVANCED_FACE('',(#491),#428,.T.);
#1742=ADVANCED_FACE('',(#492),#15,.T.);
#1743=ADVANCED_FACE('',(#493),#429,.T.);
#1744=ADVANCED_FACE('',(#494),#16,.T.);
#1745=ADVANCED_FACE('',(#495),#430,.T.);
#1746=ADVANCED_FACE('',(#496),#17,.T.);
#1747=ADVANCED_FACE('',(#497),#431,.T.);
#1748=ADVANCED_FACE('',(#498),#18,.F.);
#1749=ADVANCED_FACE('',(#499),#432,.T.);
#1750=ADVANCED_FACE('',(#500),#19,.T.);
#1751=ADVANCED_FACE('',(#501),#433,.T.);
#1752=ADVANCED_FACE('',(#502),#20,.T.);
#1753=ADVANCED_FACE('',(#503),#434,.T.);
#1754=ADVANCED_FACE('',(#504),#21,.T.);
#1755=ADVANCED_FACE('',(#505),#435,.T.);
#1756=ADVANCED_FACE('',(#506),#22,.T.);
#1757=ADVANCED_FACE('',(#507),#436,.T.);
#1758=ADVANCED_FACE('',(#508),#23,.T.);
#1759=ADVANCED_FACE('',(#509),#437,.T.);
#1760=ADVANCED_FACE('',(#510),#26,.T.);
#1761=ADVANCED_FACE('',(#511),#438,.T.);
#1762=ADVANCED_FACE('',(#512),#27,.T.);
#1763=ADVANCED_FACE('',(#513),#439,.T.);
#1764=ADVANCED_FACE('',(#514),#28,.T.);
#1765=ADVANCED_FACE('',(#515,#64),#440,.T.);
#1766=ADVANCED_FACE('',(#516),#29,.T.);
#1767=ADVANCED_FACE('',(#517),#441,.T.);
#1768=ADVANCED_FACE('',(#518),#442,.T.);
#1769=ADVANCED_FACE('',(#519),#443,.F.);
#1770=ADVANCED_FACE('',(#520),#30,.F.);
#1771=ADVANCED_FACE('',(#521),#444,.F.);
#1772=ADVANCED_FACE('',(#522),#31,.F.);
#1773=ADVANCED_FACE('',(#523),#445,.F.);
#1774=ADVANCED_FACE('',(#524),#32,.F.);
#1775=ADVANCED_FACE('',(#525),#446,.F.);
#1776=ADVANCED_FACE('',(#526),#33,.F.);
#1777=ADVANCED_FACE('',(#527),#34,.T.);
#1778=ADVANCED_FACE('',(#528),#447,.T.);
#1779=ADVANCED_FACE('',(#529),#35,.F.);
#1780=ADVANCED_FACE('',(#530),#36,.T.);
#1781=ADVANCED_FACE('',(#531),#448,.T.);
#1782=ADVANCED_FACE('',(#532,#65),#449,.T.);
#1783=ADVANCED_FACE('',(#533),#37,.T.);
#1784=ADVANCED_FACE('',(#534),#450,.T.);
#1785=ADVANCED_FACE('',(#535),#38,.T.);
#1786=ADVANCED_FACE('',(#536),#451,.F.);
#1787=ADVANCED_FACE('',(#537),#452,.F.);
#1788=ADVANCED_FACE('',(#538),#39,.T.);
#1789=ADVANCED_FACE('',(#539),#453,.T.);
#1790=ADVANCED_FACE('',(#540),#40,.T.);
#1791=ADVANCED_FACE('',(#541),#454,.T.);
#1792=ADVANCED_FACE('',(#542),#455,.F.);
#1793=ADVANCED_FACE('',(#543),#41,.T.);
#1794=ADVANCED_FACE('',(#544),#456,.T.);
#1795=ADVANCED_FACE('',(#545),#42,.T.);
#1796=ADVANCED_FACE('',(#546),#457,.T.);
#1797=ADVANCED_FACE('',(#547),#43,.T.);
#1798=ADVANCED_FACE('',(#548),#458,.T.);
#1799=ADVANCED_FACE('',(#549),#44,.T.);
#1800=ADVANCED_FACE('',(#550),#459,.T.);
#1801=ADVANCED_FACE('',(#551),#460,.F.);
#1802=ADVANCED_FACE('',(#552),#45,.T.);
#1803=ADVANCED_FACE('',(#553),#461,.T.);
#1804=ADVANCED_FACE('',(#554),#46,.T.);
#1805=ADVANCED_FACE('',(#555),#462,.T.);
#1806=ADVANCED_FACE('',(#556),#47,.T.);
#1807=ADVANCED_FACE('',(#557),#463,.T.);
#1808=ADVANCED_FACE('',(#558),#48,.T.);
#1809=ADVANCED_FACE('',(#559),#464,.T.);
#1810=ADVANCED_FACE('',(#560),#465,.F.);
#1811=ADVANCED_FACE('',(#561),#49,.T.);
#1812=ADVANCED_FACE('',(#562),#466,.T.);
#1813=ADVANCED_FACE('',(#563),#50,.T.);
#1814=ADVANCED_FACE('',(#564),#467,.T.);
#1815=ADVANCED_FACE('',(#565),#51,.T.);
#1816=ADVANCED_FACE('',(#566),#468,.T.);
#1817=ADVANCED_FACE('',(#567),#52,.T.);
#1818=ADVANCED_FACE('',(#568),#469,.T.);
#1819=ADVANCED_FACE('',(#569),#470,.F.);
#1820=ADVANCED_FACE('',(#570),#53,.T.);
#1821=ADVANCED_FACE('',(#571),#471,.T.);
#1822=ADVANCED_FACE('',(#572),#54,.T.);
#1823=ADVANCED_FACE('',(#573),#472,.T.);
#1824=ADVANCED_FACE('',(#574),#55,.T.);
#1825=ADVANCED_FACE('',(#575),#473,.T.);
#1826=ADVANCED_FACE('',(#576),#56,.T.);
#1827=ADVANCED_FACE('',(#577),#474,.T.);
#1828=ADVANCED_FACE('',(#578),#475,.F.);
#1829=ADVANCED_FACE('',(#579),#476,.T.);
#1830=ADVANCED_FACE('',(#580,#66),#477,.T.);
#1831=ADVANCED_FACE('',(#581),#478,.T.);
#1832=ADVANCED_FACE('',(#582),#479,.T.);
#1833=ADVANCED_FACE('',(#583),#480,.T.);
#1834=ADVANCED_FACE('',(#584),#481,.T.);
#1835=ADVANCED_FACE('',(#585),#482,.T.);
#1836=ADVANCED_FACE('',(#586),#483,.T.);
#1837=ADVANCED_FACE('',(#587),#484,.T.);
#1838=ADVANCED_FACE('',(#588),#485,.T.);
#1839=CLOSED_SHELL('',(#1736,#1737,#1738,#1739,#1740,#1741,#1742,#1743,
#1744,#1745,#1746,#1747,#1748,#1749,#1750,#1751,#1752,#1753,#1754,#1755,
#1756,#1757,#1758,#1759,#1760,#1761,#1762,#1763,#1764,#1765,#1766,#1767,
#1768,#1769,#1770,#1771,#1772,#1773,#1774,#1775,#1776,#1777,#1778,#1779,
#1780,#1781,#1782,#1783,#1784,#1785,#1786,#1787,#1788,#1789,#1790,#1791,
#1792,#1793,#1794,#1795,#1796,#1797,#1798,#1799,#1800,#1801,#1802,#1803,
#1804,#1805,#1806,#1807,#1808,#1809,#1810,#1811,#1812,#1813,#1814,#1815,
#1816,#1817,#1818,#1819,#1820,#1821,#1822,#1823,#1824,#1825,#1826,#1827,
#1828,#1829,#1830,#1831,#1832,#1833,#1834,#1835,#1836,#1837,#1838));
#1840=AXIS2_PLACEMENT_3D('',#2575,#2025,#2026);
#1841=AXIS2_PLACEMENT_3D('',#2576,#2027,#2028);
#1842=AXIS2_PLACEMENT_3D('',#2579,#2029,#2030);
#1843=AXIS2_PLACEMENT_3D('',#2581,#2031,#2032);
#1844=AXIS2_PLACEMENT_3D('',#2582,#2033,#2034);
#1845=AXIS2_PLACEMENT_3D('',#2583,#2035,#2036);
#1846=AXIS2_PLACEMENT_3D('',#2584,#2037,#2038);
#1847=AXIS2_PLACEMENT_3D('',#2604,#2048,#2049);
#1848=AXIS2_PLACEMENT_3D('',#2609,#2051,#2052);
#1849=AXIS2_PLACEMENT_3D('',#2612,#2054,#2055);
#1850=AXIS2_PLACEMENT_3D('',#2617,#2057,#2058);
#1851=AXIS2_PLACEMENT_3D('',#2621,#2060,#2061);
#1852=AXIS2_PLACEMENT_3D('',#2625,#2063,#2064);
#1853=AXIS2_PLACEMENT_3D('',#2628,#2066,#2067);
#1854=AXIS2_PLACEMENT_3D('',#2633,#2069,#2070);
#1855=AXIS2_PLACEMENT_3D('',#2637,#2072,#2073);
#1856=AXIS2_PLACEMENT_3D('',#2641,#2075,#2076);
#1857=AXIS2_PLACEMENT_3D('',#2644,#2078,#2079);
#1858=AXIS2_PLACEMENT_3D('',#2649,#2081,#2082);
#1859=AXIS2_PLACEMENT_3D('',#2653,#2084,#2085);
#1860=AXIS2_PLACEMENT_3D('',#2657,#2087,#2088);
#1861=AXIS2_PLACEMENT_3D('',#2660,#2090,#2091);
#1862=AXIS2_PLACEMENT_3D('',#2665,#2093,#2094);
#1863=AXIS2_PLACEMENT_3D('',#2669,#2096,#2097);
#1864=AXIS2_PLACEMENT_3D('',#2673,#2099,#2100);
#1865=AXIS2_PLACEMENT_3D('',#2676,#2102,#2103);
#1866=AXIS2_PLACEMENT_3D('',#2677,#2104,#2105);
#1867=AXIS2_PLACEMENT_3D('',#2679,#2106,#2107);
#1868=AXIS2_PLACEMENT_3D('',#2681,#2109,#2110);
#1869=AXIS2_PLACEMENT_3D('',#2684,#2111,#2112);
#1870=AXIS2_PLACEMENT_3D('',#2685,#2113,#2114);
#1871=AXIS2_PLACEMENT_3D('',#2686,#2115,#2116);
#1872=AXIS2_PLACEMENT_3D('',#2687,#2117,#2118);
#1873=AXIS2_PLACEMENT_3D('',#2689,#2119,#2120);
#1874=AXIS2_PLACEMENT_3D('',#2691,#2122,#2123);
#1875=AXIS2_PLACEMENT_3D('',#2700,#2128,#2129);
#1876=AXIS2_PLACEMENT_3D('',#2704,#2131,#2132);
#1877=AXIS2_PLACEMENT_3D('',#2705,#2133,#2134);
#1878=AXIS2_PLACEMENT_3D('',#2706,#2135,#2136);
#1879=AXIS2_PLACEMENT_3D('',#2712,#2140,#2141);
#1880=AXIS2_PLACEMENT_3D('',#2716,#2143,#2144);
#1881=AXIS2_PLACEMENT_3D('',#2717,#2145,#2146);
#1882=AXIS2_PLACEMENT_3D('',#2718,#2147,#2148);
#1883=AXIS2_PLACEMENT_3D('',#2724,#2152,#2153);
#1884=AXIS2_PLACEMENT_3D('',#2728,#2155,#2156);
#1885=AXIS2_PLACEMENT_3D('',#2729,#2157,#2158);
#1886=AXIS2_PLACEMENT_3D('',#2730,#2159,#2160);
#1887=AXIS2_PLACEMENT_3D('',#2736,#2164,#2165);
#1888=AXIS2_PLACEMENT_3D('',#2740,#2167,#2168);
#1889=AXIS2_PLACEMENT_3D('',#2741,#2169,#2170);
#1890=AXIS2_PLACEMENT_3D('',#2742,#2171,#2172);
#1891=AXIS2_PLACEMENT_3D('',#2748,#2176,#2177);
#1892=AXIS2_PLACEMENT_3D('',#2752,#2179,#2180);
#1893=AXIS2_PLACEMENT_3D('',#2753,#2181,#2182);
#1894=AXIS2_PLACEMENT_3D('',#2754,#2183,#2184);
#1895=AXIS2_PLACEMENT_3D('',#2760,#2188,#2189);
#1896=AXIS2_PLACEMENT_3D('',#2764,#2191,#2192);
#1897=AXIS2_PLACEMENT_3D('',#2765,#2193,#2194);
#1898=AXIS2_PLACEMENT_3D('',#2766,#2195,#2196);
#1899=AXIS2_PLACEMENT_3D('',#2772,#2200,#2201);
#1900=AXIS2_PLACEMENT_3D('',#2776,#2203,#2204);
#1901=AXIS2_PLACEMENT_3D('',#2777,#2205,#2206);
#1902=AXIS2_PLACEMENT_3D('',#2778,#2207,#2208);
#1903=AXIS2_PLACEMENT_3D('',#2784,#2212,#2213);
#1904=AXIS2_PLACEMENT_3D('',#2788,#2215,#2216);
#1905=AXIS2_PLACEMENT_3D('',#2789,#2217,#2218);
#1906=AXIS2_PLACEMENT_3D('',#2790,#2219,#2220);
#1907=AXIS2_PLACEMENT_3D('',#2796,#2224,#2225);
#1908=AXIS2_PLACEMENT_3D('',#2797,#2226,#2227);
#1909=AXIS2_PLACEMENT_3D('',#2798,#2228,#2229);
#1910=AXIS2_PLACEMENT_3D('',#2799,#2230,#2231);
#1911=AXIS2_PLACEMENT_3D('',#2805,#2235,#2236);
#1912=AXIS2_PLACEMENT_3D('',#2808,#2238,#2239);
#1913=AXIS2_PLACEMENT_3D('',#2809,#2240,#2241);
#1914=AXIS2_PLACEMENT_3D('',#2813,#2244,#2245);
#1915=AXIS2_PLACEMENT_3D('',#2816,#2247,#2248);
#1916=AXIS2_PLACEMENT_3D('',#2817,#2249,#2250);
#1917=AXIS2_PLACEMENT_3D('',#2821,#2253,#2254);
#1918=AXIS2_PLACEMENT_3D('',#2824,#2256,#2257);
#1919=AXIS2_PLACEMENT_3D('',#2825,#2258,#2259);
#1920=AXIS2_PLACEMENT_3D('',#2833,#2263,#2264);
#1921=AXIS2_PLACEMENT_3D('',#2837,#2266,#2267);
#1922=AXIS2_PLACEMENT_3D('',#2841,#2269,#2270);
#1923=AXIS2_PLACEMENT_3D('',#2844,#2272,#2273);
#1924=AXIS2_PLACEMENT_3D('',#2845,#2274,#2275);
#1925=AXIS2_PLACEMENT_3D('',#2848,#2277,#2278);
#1926=AXIS2_PLACEMENT_3D('',#2849,#2279,#2280);
#1927=AXIS2_PLACEMENT_3D('',#2853,#2283,#2284);
#1928=AXIS2_PLACEMENT_3D('',#2854,#2285,#2286);
#1929=AXIS2_PLACEMENT_3D('',#2860,#2290,#2291);
#1930=AXIS2_PLACEMENT_3D('',#2862,#2292,#2293);
#1931=AXIS2_PLACEMENT_3D('',#2864,#2295,#2296);
#1932=AXIS2_PLACEMENT_3D('',#2868,#2299,#2300);
#1933=AXIS2_PLACEMENT_3D('',#2870,#2301,#2302);
#1934=AXIS2_PLACEMENT_3D('',#2872,#2304,#2305);
#1935=AXIS2_PLACEMENT_3D('',#2876,#2308,#2309);
#1936=AXIS2_PLACEMENT_3D('',#2878,#2310,#2311);
#1937=AXIS2_PLACEMENT_3D('',#2880,#2313,#2314);
#1938=AXIS2_PLACEMENT_3D('',#2884,#2317,#2318);
#1939=AXIS2_PLACEMENT_3D('',#2885,#2319,#2320);
#1940=AXIS2_PLACEMENT_3D('',#2886,#2321,#2322);
#1941=AXIS2_PLACEMENT_3D('',#2888,#2323,#2324);
#1942=AXIS2_PLACEMENT_3D('',#2890,#2326,#2327);
#1943=AXIS2_PLACEMENT_3D('',#2894,#2330,#2331);
#1944=AXIS2_PLACEMENT_3D('',#2896,#2332,#2333);
#1945=AXIS2_PLACEMENT_3D('',#2898,#2335,#2336);
#1946=AXIS2_PLACEMENT_3D('',#2902,#2338,#2339);
#1947=AXIS2_PLACEMENT_3D('',#2904,#2341,#2342);
#1948=AXIS2_PLACEMENT_3D('',#2908,#2345,#2346);
#1949=AXIS2_PLACEMENT_3D('',#2910,#2347,#2348);
#1950=AXIS2_PLACEMENT_3D('',#2913,#2350,#2351);
#1951=AXIS2_PLACEMENT_3D('',#2933,#2362,#2363);
#1952=AXIS2_PLACEMENT_3D('',#2935,#2365,#2366);
#1953=AXIS2_PLACEMENT_3D('',#2937,#2368,#2369);
#1954=AXIS2_PLACEMENT_3D('',#2938,#2370,#2371);
#1955=AXIS2_PLACEMENT_3D('',#2939,#2372,#2373);
#1956=AXIS2_PLACEMENT_3D('',#2940,#2374,#2375);
#1957=AXIS2_PLACEMENT_3D('',#2944,#2377,#2378);
#1958=AXIS2_PLACEMENT_3D('',#2946,#2380,#2381);
#1959=AXIS2_PLACEMENT_3D('',#2950,#2384,#2385);
#1960=AXIS2_PLACEMENT_3D('',#2953,#2387,#2388);
#1961=AXIS2_PLACEMENT_3D('',#2954,#2389,#2390);
#1962=AXIS2_PLACEMENT_3D('',#2956,#2392,#2393);
#1963=AXIS2_PLACEMENT_3D('',#2957,#2394,#2395);
#1964=AXIS2_PLACEMENT_3D('',#2961,#2397,#2398);
#1965=AXIS2_PLACEMENT_3D('',#2963,#2400,#2401);
#1966=AXIS2_PLACEMENT_3D('',#2967,#2404,#2405);
#1967=AXIS2_PLACEMENT_3D('',#2970,#2407,#2408);
#1968=AXIS2_PLACEMENT_3D('',#2971,#2409,#2410);
#1969=AXIS2_PLACEMENT_3D('',#2975,#2413,#2414);
#1970=AXIS2_PLACEMENT_3D('',#2978,#2416,#2417);
#1971=AXIS2_PLACEMENT_3D('',#2979,#2418,#2419);
#1972=AXIS2_PLACEMENT_3D('',#2983,#2422,#2423);
#1973=AXIS2_PLACEMENT_3D('',#2986,#2425,#2426);
#1974=AXIS2_PLACEMENT_3D('',#2987,#2427,#2428);
#1975=AXIS2_PLACEMENT_3D('',#2989,#2430,#2431);
#1976=AXIS2_PLACEMENT_3D('',#2990,#2432,#2433);
#1977=AXIS2_PLACEMENT_3D('',#2994,#2435,#2436);
#1978=AXIS2_PLACEMENT_3D('',#2996,#2438,#2439);
#1979=AXIS2_PLACEMENT_3D('',#3000,#2442,#2443);
#1980=AXIS2_PLACEMENT_3D('',#3003,#2445,#2446);
#1981=AXIS2_PLACEMENT_3D('',#3004,#2447,#2448);
#1982=AXIS2_PLACEMENT_3D('',#3008,#2451,#2452);
#1983=AXIS2_PLACEMENT_3D('',#3011,#2454,#2455);
#1984=AXIS2_PLACEMENT_3D('',#3012,#2456,#2457);
#1985=AXIS2_PLACEMENT_3D('',#3016,#2460,#2461);
#1986=AXIS2_PLACEMENT_3D('',#3019,#2463,#2464);
#1987=AXIS2_PLACEMENT_3D('',#3020,#2465,#2466);
#1988=AXIS2_PLACEMENT_3D('',#3022,#2468,#2469);
#1989=AXIS2_PLACEMENT_3D('',#3023,#2470,#2471);
#1990=AXIS2_PLACEMENT_3D('',#3027,#2473,#2474);
#1991=AXIS2_PLACEMENT_3D('',#3029,#2476,#2477);
#1992=AXIS2_PLACEMENT_3D('',#3033,#2480,#2481);
#1993=AXIS2_PLACEMENT_3D('',#3036,#2483,#2484);
#1994=AXIS2_PLACEMENT_3D('',#3037,#2485,#2486);
#1995=AXIS2_PLACEMENT_3D('',#3041,#2489,#2490);
#1996=AXIS2_PLACEMENT_3D('',#3044,#2492,#2493);
#1997=AXIS2_PLACEMENT_3D('',#3045,#2494,#2495);
#1998=AXIS2_PLACEMENT_3D('',#3049,#2498,#2499);
#1999=AXIS2_PLACEMENT_3D('',#3052,#2501,#2502);
#2000=AXIS2_PLACEMENT_3D('',#3053,#2503,#2504);
#2001=AXIS2_PLACEMENT_3D('',#3055,#2506,#2507);
#2002=AXIS2_PLACEMENT_3D('',#3056,#2508,#2509);
#2003=AXIS2_PLACEMENT_3D('',#3060,#2511,#2512);
#2004=AXIS2_PLACEMENT_3D('',#3062,#2514,#2515);
#2005=AXIS2_PLACEMENT_3D('',#3066,#2518,#2519);
#2006=AXIS2_PLACEMENT_3D('',#3069,#2521,#2522);
#2007=AXIS2_PLACEMENT_3D('',#3070,#2523,#2524);
#2008=AXIS2_PLACEMENT_3D('',#3074,#2527,#2528);
#2009=AXIS2_PLACEMENT_3D('',#3077,#2530,#2531);
#2010=AXIS2_PLACEMENT_3D('',#3078,#2532,#2533);
#2011=AXIS2_PLACEMENT_3D('',#3082,#2536,#2537);
#2012=AXIS2_PLACEMENT_3D('',#3085,#2539,#2540);
#2013=AXIS2_PLACEMENT_3D('',#3086,#2541,#2542);
#2014=AXIS2_PLACEMENT_3D('',#3088,#2544,#2545);
#2015=AXIS2_PLACEMENT_3D('',#3089,#2546,#2547);
#2016=AXIS2_PLACEMENT_3D('',#3092,#2550,#2551);
#2017=AXIS2_PLACEMENT_3D('',#3094,#2553,#2554);
#2018=AXIS2_PLACEMENT_3D('',#3096,#2556,#2557);
#2019=AXIS2_PLACEMENT_3D('',#3098,#2559,#2560);
#2020=AXIS2_PLACEMENT_3D('',#3100,#2562,#2563);
#2021=AXIS2_PLACEMENT_3D('',#3102,#2565,#2566);
#2022=AXIS2_PLACEMENT_3D('',#3104,#2568,#2569);
#2023=AXIS2_PLACEMENT_3D('',#3106,#2571,#2572);
#2024=AXIS2_PLACEMENT_3D('',#3107,#2573,#2574);
#2025=DIRECTION('axis',(0.,0.,1.));
#2026=DIRECTION('refdir',(1.,0.,0.));
#2027=DIRECTION('center_axis',(0.,0.,-1.));
#2028=DIRECTION('ref_axis',(-1.,0.,0.));
#2029=DIRECTION('center_axis',(0.,0.,-1.));
#2030=DIRECTION('ref_axis',(1.,0.,0.));
#2031=DIRECTION('center_axis',(0.,-1.,0.));
#2032=DIRECTION('ref_axis',(1.,0.,0.));
#2033=DIRECTION('center_axis',(0.,0.,1.));
#2034=DIRECTION('ref_axis',(1.,0.,0.));
#2035=DIRECTION('center_axis',(0.,0.,-1.));
#2036=DIRECTION('ref_axis',(1.,0.,0.));
#2037=DIRECTION('center_axis',(0.,0.,1.));
#2038=DIRECTION('ref_axis',(1.,0.,0.));
#2039=DIRECTION('',(-0.707106781186551,-0.707106781186544,0.));
#2040=DIRECTION('',(0.,-1.,0.));
#2041=DIRECTION('',(0.707106781186551,-0.707106781186544,0.));
#2042=DIRECTION('',(0.999999748680422,0.000708970446061415,0.));
#2043=DIRECTION('',(0.,1.,0.));
#2044=DIRECTION('',(-0.707839154269705,0.706373648774322,0.));
#2045=DIRECTION('',(-1.,-3.06029013157729E-16,0.));
#2046=DIRECTION('',(-0.685739872053774,-0.727846706302689,0.));
#2047=DIRECTION('',(-1.,-5.51964510013111E-16,0.));
#2048=DIRECTION('center_axis',(0.,0.,1.));
#2049=DIRECTION('ref_axis',(1.,0.,0.));
#2050=DIRECTION('',(-0.633237790257262,0.773957299203322,0.));
#2051=DIRECTION('center_axis',(0.,0.,-1.));
#2052=DIRECTION('ref_axis',(-0.773957299203323,-0.63323779025726,0.));
#2053=DIRECTION('',(0.633237790257264,-0.77395729920332,0.));
#2054=DIRECTION('center_axis',(0.,0.,-1.));
#2055=DIRECTION('ref_axis',(0.773957299203326,0.633237790257257,0.));
#2056=DIRECTION('',(-4.20535048063726E-15,1.,0.));
#2057=DIRECTION('center_axis',(0.,0.,-1.));
#2058=DIRECTION('ref_axis',(-1.,0.,0.));
#2059=DIRECTION('',(1.,0.,0.));
#2060=DIRECTION('center_axis',(0.,0.,-1.));
#2061=DIRECTION('ref_axis',(0.,1.,0.));
#2062=DIRECTION('',(-4.20535048063726E-15,-1.,0.));
#2063=DIRECTION('center_axis',(0.,0.,-1.));
#2064=DIRECTION('ref_axis',(1.,-4.80096443081147E-15,0.));
#2065=DIRECTION('',(-1.,6.61368580572943E-15,0.));
#2066=DIRECTION('center_axis',(0.,0.,-1.));
#2067=DIRECTION('ref_axis',(-9.60192886162295E-15,-1.,0.));
#2068=DIRECTION('',(-1.,6.61368580572939E-15,0.));
#2069=DIRECTION('center_axis',(0.,0.,-1.));
#2070=DIRECTION('ref_axis',(-9.60192886162295E-15,-1.,0.));
#2071=DIRECTION('',(-3.17206567491526E-15,1.,0.));
#2072=DIRECTION('center_axis',(0.,0.,-1.));
#2073=DIRECTION('ref_axis',(-1.,0.,0.));
#2074=DIRECTION('',(1.,0.,0.));
#2075=DIRECTION('center_axis',(0.,0.,-1.));
#2076=DIRECTION('ref_axis',(0.,1.,0.));
#2077=DIRECTION('',(-6.34413134983052E-15,-1.,0.));
#2078=DIRECTION('center_axis',(0.,0.,-1.));
#2079=DIRECTION('ref_axis',(1.,0.,0.));
#2080=DIRECTION('',(1.,0.,0.));
#2081=DIRECTION('center_axis',(0.,0.,-1.));
#2082=DIRECTION('ref_axis',(-9.601928861623E-15,1.,0.));
#2083=DIRECTION('',(-8.54228101720449E-15,-1.,0.));
#2084=DIRECTION('center_axis',(0.,0.,-1.));
#2085=DIRECTION('ref_axis',(1.,-4.80096443081147E-15,0.));
#2086=DIRECTION('',(-1.,7.01886554065885E-15,0.));
#2087=DIRECTION('center_axis',(0.,0.,-1.));
#2088=DIRECTION('ref_axis',(-9.60192886162295E-15,-1.,0.));
#2089=DIRECTION('',(0.,1.,0.));
#2090=DIRECTION('center_axis',(0.,0.,-1.));
#2091=DIRECTION('ref_axis',(-1.,-4.80096443081147E-15,0.));
#2092=DIRECTION('',(-5.81919742402397E-15,-1.,0.));
#2093=DIRECTION('center_axis',(0.,0.,-1.));
#2094=DIRECTION('ref_axis',(1.,-4.80096443081143E-15,0.));
#2095=DIRECTION('',(-1.,6.61368580572943E-15,0.));
#2096=DIRECTION('center_axis',(0.,0.,-1.));
#2097=DIRECTION('ref_axis',(-2.88057865848688E-14,-1.,0.));
#2098=DIRECTION('',(-2.90959871201198E-15,1.,0.));
#2099=DIRECTION('center_axis',(0.,0.,-1.));
#2100=DIRECTION('ref_axis',(-1.,0.,0.));
#2101=DIRECTION('',(1.,0.,0.));
#2102=DIRECTION('center_axis',(0.,0.,-1.));
#2103=DIRECTION('ref_axis',(0.,1.,0.));
#2104=DIRECTION('center_axis',(0.,0.,1.));
#2105=DIRECTION('ref_axis',(1.,0.,0.));
#2106=DIRECTION('center_axis',(0.,0.,1.));
#2107=DIRECTION('ref_axis',(1.,0.,0.));
#2108=DIRECTION('',(0.,0.,-1.));
#2109=DIRECTION('center_axis',(0.,0.,-1.));
#2110=DIRECTION('ref_axis',(-1.,0.,0.));
#2111=DIRECTION('center_axis',(0.,0.,-1.));
#2112=DIRECTION('ref_axis',(1.,0.,0.));
#2113=DIRECTION('center_axis',(0.,-1.,0.));
#2114=DIRECTION('ref_axis',(1.,0.,0.));
#2115=DIRECTION('center_axis',(0.,0.,-1.));
#2116=DIRECTION('ref_axis',(1.,0.,0.));
#2117=DIRECTION('center_axis',(0.,0.,1.));
#2118=DIRECTION('ref_axis',(1.,0.,0.));
#2119=DIRECTION('center_axis',(0.,0.,1.));
#2120=DIRECTION('ref_axis',(1.,0.,0.));
#2121=DIRECTION('',(0.,0.,-1.));
#2122=DIRECTION('center_axis',(0.707106781186538,-2.44133220960625E-15,
-0.707106781186557));
#2123=DIRECTION('ref_axis',(-0.707106781186557,0.,-0.707106781186538));
#2124=DIRECTION('',(0.707106781186557,0.,0.707106781186538));
#2125=DIRECTION('',(-3.45256512108349E-15,-1.,0.));
#2126=DIRECTION('',(-0.707106781186546,0.,-0.707106781186549));
#2127=DIRECTION('',(3.45256512108349E-15,1.,0.));
#2128=DIRECTION('center_axis',(0.,0.,1.));
#2129=DIRECTION('ref_axis',(0.92368112700605,0.383162074862367,0.));
#2130=DIRECTION('',(0.499481597099807,0.500517865973457,0.707106781186549));
#2131=DIRECTION('center_axis',(0.,0.,-1.));
#2132=DIRECTION('ref_axis',(0.92368112700605,0.383162074862367,0.));
#2133=DIRECTION('center_axis',(0.,0.,1.));
#2134=DIRECTION('ref_axis',(0.92368112700605,0.383162074862367,0.));
#2135=DIRECTION('center_axis',(0.49948159709981,0.500517865973458,-0.707106781186546));
#2136=DIRECTION('ref_axis',(-0.816778763657308,0.,-0.576950995525997));
#2137=DIRECTION('',(0.499481597099807,0.500517865973457,0.707106781186549));
#2138=DIRECTION('',(0.707839154269702,-0.706373648774324,0.));
#2139=DIRECTION('',(-0.707839154269702,0.706373648774324,0.));
#2140=DIRECTION('center_axis',(0.,0.,1.));
#2141=DIRECTION('ref_axis',(0.382204687131317,0.9240776899887,0.));
#2142=DIRECTION('',(0.,0.707106781186551,0.707106781186544));
#2143=DIRECTION('center_axis',(0.,0.,-1.));
#2144=DIRECTION('ref_axis',(0.382204687131316,0.9240776899887,0.));
#2145=DIRECTION('center_axis',(0.,0.,1.));
#2146=DIRECTION('ref_axis',(0.382204687131316,0.9240776899887,0.));
#2147=DIRECTION('center_axis',(0.,0.707106781186544,-0.707106781186551));
#2148=DIRECTION('ref_axis',(-1.,0.,0.));
#2149=DIRECTION('',(0.,0.707106781186551,0.707106781186544));
#2150=DIRECTION('',(1.,0.,0.));
#2151=DIRECTION('',(-1.,0.,0.));
#2152=DIRECTION('center_axis',(0.,0.,1.));
#2153=DIRECTION('ref_axis',(-0.396396347073375,0.918079482412544,0.));
#2154=DIRECTION('',(-0.514665341690918,0.484891313659218,0.707106781186553));
#2155=DIRECTION('center_axis',(0.,0.,-1.));
#2156=DIRECTION('ref_axis',(-0.396396347073375,0.918079482412544,0.));
#2157=DIRECTION('center_axis',(0.,0.,1.));
#2158=DIRECTION('ref_axis',(-0.396396347073375,0.918079482412544,0.));
#2159=DIRECTION('center_axis',(-0.514665341690929,0.484891313659224,-0.707106781186542));
#2160=DIRECTION('ref_axis',(-0.808515280145564,0.,0.588475183649354));
#2161=DIRECTION('',(-0.514665341690917,0.484891313659222,0.707106781186551));
#2162=DIRECTION('',(0.685739872053775,0.727846706302689,0.));
#2163=DIRECTION('',(-0.685739872053775,-0.727846706302689,0.));
#2164=DIRECTION('center_axis',(0.,0.,-1.));
#2165=DIRECTION('ref_axis',(0.396396347073364,-0.918079482412549,0.));
#2166=DIRECTION('',(0.,0.707106781186546,0.707106781186549));
#2167=DIRECTION('center_axis',(0.,0.,1.));
#2168=DIRECTION('ref_axis',(0.396396347073364,-0.918079482412548,0.));
#2169=DIRECTION('center_axis',(0.,0.,-1.));
#2170=DIRECTION('ref_axis',(0.396396347073364,-0.918079482412548,0.));
#2171=DIRECTION('center_axis',(-3.91151234466769E-16,0.707106781186547,
-0.707106781186549));
#2172=DIRECTION('ref_axis',(-1.,0.,5.53171380721882E-16));
#2173=DIRECTION('',(0.,0.707106781186549,0.707106781186547));
#2174=DIRECTION('',(1.,5.53171380721884E-16,0.));
#2175=DIRECTION('',(-1.,-5.53171380721884E-16,0.));
#2176=DIRECTION('center_axis',(0.,0.,1.));
#2177=DIRECTION('ref_axis',(-0.38268343236509,0.923879532511287,0.));
#2178=DIRECTION('',(-0.500000000000003,0.499999999999998,0.707106781186547));
#2179=DIRECTION('center_axis',(0.,0.,-1.));
#2180=DIRECTION('ref_axis',(-0.38268343236509,0.923879532511287,0.));
#2181=DIRECTION('center_axis',(0.,0.,1.));
#2182=DIRECTION('ref_axis',(-0.38268343236509,0.923879532511287,0.));
#2183=DIRECTION('center_axis',(-0.499999999999999,0.499999999999997,-0.70710678118655));
#2184=DIRECTION('ref_axis',(-0.816496580927727,0.,0.577350269189624));
#2185=DIRECTION('',(-0.5,0.500000000000006,0.707106781186543));
#2186=DIRECTION('',(0.707106781186546,0.707106781186549,0.));
#2187=DIRECTION('',(-0.707106781186546,-0.707106781186549,0.));
#2188=DIRECTION('center_axis',(0.,0.,1.));
#2189=DIRECTION('ref_axis',(-0.923879532511286,0.382683432365092,0.));
#2190=DIRECTION('',(-0.707106781186551,0.,0.707106781186544));
#2191=DIRECTION('center_axis',(0.,0.,-1.));
#2192=DIRECTION('ref_axis',(-0.923879532511286,0.382683432365092,0.));
#2193=DIRECTION('center_axis',(0.,0.,1.));
#2194=DIRECTION('ref_axis',(-0.923879532511286,0.382683432365092,0.));
#2195=DIRECTION('center_axis',(-0.707106781186555,1.23231893041711E-15,
-0.70710678118654));
#2196=DIRECTION('ref_axis',(-0.70710678118654,0.,0.707106781186555));
#2197=DIRECTION('',(-0.70710678118654,0.,0.707106781186555));
#2198=DIRECTION('',(1.74276214456496E-15,1.,0.));
#2199=DIRECTION('',(-1.74276214456496E-15,-1.,0.));
#2200=DIRECTION('center_axis',(0.,0.,1.));
#2201=DIRECTION('ref_axis',(-0.923879532511287,-0.382683432365089,0.));
#2202=DIRECTION('',(-0.499999999999999,-0.50000000000001,0.707106781186541));
#2203=DIRECTION('center_axis',(0.,0.,-1.));
#2204=DIRECTION('ref_axis',(-0.923879532511287,-0.382683432365089,0.));
#2205=DIRECTION('center_axis',(0.,0.,1.));
#2206=DIRECTION('ref_axis',(-0.923879532511287,-0.382683432365089,0.));
#2207=DIRECTION('center_axis',(-0.499999999999997,-0.5,-0.70710678118655));
#2208=DIRECTION('ref_axis',(-0.816496580927729,0.,0.577350269189622));
#2209=DIRECTION('',(-0.500000000000002,-0.500000000000002,0.707106781186545));
#2210=DIRECTION('',(-0.70710678118655,0.707106781186545,0.));
#2211=DIRECTION('',(0.70710678118655,-0.707106781186545,0.));
#2212=DIRECTION('center_axis',(0.,0.,1.));
#2213=DIRECTION('ref_axis',(-0.382355906658415,-0.924015130094427,0.));
#2214=DIRECTION('',(0.000501317810075337,-0.707106603476767,0.70710678118655));
#2215=DIRECTION('center_axis',(0.,0.,-1.));
#2216=DIRECTION('ref_axis',(-0.382355906658415,-0.924015130094427,0.));
#2217=DIRECTION('center_axis',(0.,0.,1.));
#2218=DIRECTION('ref_axis',(-0.382355906658415,-0.924015130094427,0.));
#2219=DIRECTION('center_axis',(0.000501317810070922,-0.707106603476766,
-0.707106781186551));
#2220=DIRECTION('ref_axis',(-0.999999748680548,0.,-0.000708970267883409));
#2221=DIRECTION('',(0.000501317810063918,-0.707106603476767,0.70710678118655));
#2222=DIRECTION('',(-0.999999748680422,-0.00070897044606148,0.));
#2223=DIRECTION('',(0.999999748680422,0.00070897044606148,0.));
#2224=DIRECTION('center_axis',(0.,0.,1.));
#2225=DIRECTION('ref_axis',(0.707357395679887,-0.706856077838316,0.));
#2226=DIRECTION('center_axis',(0.,0.,-1.));
#2227=DIRECTION('ref_axis',(0.707357395679887,-0.706856077838317,0.));
#2228=DIRECTION('center_axis',(0.,0.,1.));
#2229=DIRECTION('ref_axis',(0.707357395679887,-0.706856077838317,0.));
#2230=DIRECTION('center_axis',(-0.707106781186549,0.707106781186546,0.));
#2231=DIRECTION('ref_axis',(-0.707106781186546,-0.707106781186549,0.));
#2232=DIRECTION('',(0.,0.,-1.));
#2233=DIRECTION('',(-0.707106781186546,-0.707106781186549,0.));
#2234=DIRECTION('',(0.,0.,1.));
#2235=DIRECTION('center_axis',(0.,0.,1.));
#2236=DIRECTION('ref_axis',(-0.923879532511286,0.382683432365092,0.));
#2237=DIRECTION('',(0.,0.,1.));
#2238=DIRECTION('center_axis',(0.,0.,-1.));
#2239=DIRECTION('ref_axis',(-0.923879532511286,0.382683432365092,0.));
#2240=DIRECTION('center_axis',(-1.,1.74276214456496E-15,0.));
#2241=DIRECTION('ref_axis',(-1.74276214456496E-15,-1.,0.));
#2242=DIRECTION('',(0.,0.,-1.));
#2243=DIRECTION('',(-1.74276214456496E-15,-1.,0.));
#2244=DIRECTION('center_axis',(0.,0.,1.));
#2245=DIRECTION('ref_axis',(-0.923879532511287,-0.382683432365089,0.));
#2246=DIRECTION('',(0.,0.,1.));
#2247=DIRECTION('center_axis',(0.,0.,-1.));
#2248=DIRECTION('ref_axis',(-0.923879532511287,-0.382683432365089,0.));
#2249=DIRECTION('center_axis',(-0.707106781186545,-0.70710678118655,0.));
#2250=DIRECTION('ref_axis',(0.70710678118655,-0.707106781186545,0.));
#2251=DIRECTION('',(0.,0.,-1.));
#2252=DIRECTION('',(0.70710678118655,-0.707106781186545,0.));
#2253=DIRECTION('center_axis',(0.,0.,1.));
#2254=DIRECTION('ref_axis',(-0.382355906658415,-0.924015130094427,0.));
#2255=DIRECTION('',(0.,0.,1.));
#2256=DIRECTION('center_axis',(0.,0.,-1.));
#2257=DIRECTION('ref_axis',(-0.382355906658415,-0.924015130094427,0.));
#2258=DIRECTION('center_axis',(0.00070897044606148,-0.999999748680422,0.));
#2259=DIRECTION('ref_axis',(0.999999748680422,0.00070897044606148,0.));
#2260=DIRECTION('',(0.,0.,-1.));
#2261=DIRECTION('',(0.999999748680422,0.00070897044606148,0.));
#2262=DIRECTION('',(0.,0.,1.));
#2263=DIRECTION('center_axis',(-0.00070897044606148,0.999999748680422,0.));
#2264=DIRECTION('ref_axis',(3.9474586510379E-14,2.79863222397936E-17,1.));
#2265=DIRECTION('',(0.999999748680422,0.00070897044606148,0.));
#2266=DIRECTION('center_axis',(-0.00070897044606148,0.999999748680422,0.));
#2267=DIRECTION('ref_axis',(0.999999748680422,0.000708970446059629,-3.20731096002836E-14));
#2268=DIRECTION('',(0.,0.,-1.));
#2269=DIRECTION('center_axis',(-0.00070897044606148,0.999999748680422,0.));
#2270=DIRECTION('ref_axis',(-3.94745865103794E-14,-2.79863222397938E-17,
-1.));
#2271=DIRECTION('',(-0.999999748680422,-0.00070897044606148,-9.73247456651928E-16));
#2272=DIRECTION('center_axis',(-0.00070897044606148,0.999999748680422,0.));
#2273=DIRECTION('ref_axis',(-0.999999748680422,-0.000708970446059629,3.14563190310474E-14));
#2274=DIRECTION('center_axis',(0.,0.,1.));
#2275=DIRECTION('ref_axis',(0.707357395679887,-0.706856077838317,0.));
#2276=DIRECTION('',(0.,0.,1.));
#2277=DIRECTION('center_axis',(0.,0.,-1.));
#2278=DIRECTION('ref_axis',(0.707357395679887,-0.706856077838317,0.));
#2279=DIRECTION('center_axis',(1.,-3.45256512108349E-15,0.));
#2280=DIRECTION('ref_axis',(3.45256512108349E-15,1.,0.));
#2281=DIRECTION('',(0.,0.,-1.));
#2282=DIRECTION('',(3.45256512108349E-15,1.,0.));
#2283=DIRECTION('center_axis',(0.,0.,-1.));
#2284=DIRECTION('ref_axis',(1.,0.,0.));
#2285=DIRECTION('center_axis',(0.999999748680422,0.00070897044605963,0.));
#2286=DIRECTION('ref_axis',(0.,0.,-1.));
#2287=DIRECTION('',(0.,0.,1.));
#2288=DIRECTION('',(-0.000708970446059629,0.999999748680422,0.));
#2289=DIRECTION('',(-0.000708970446059629,0.999999748680422,0.));
#2290=DIRECTION('center_axis',(-0.00070897044605963,0.999999748680422,0.));
#2291=DIRECTION('ref_axis',(0.999999748680422,0.000708970446059629,-3.20731096002836E-14));
#2292=DIRECTION('center_axis',(0.000708970446061415,-0.999999748680422,
0.));
#2293=DIRECTION('ref_axis',(0.999999748680422,0.000708970446059629,-3.20731096002836E-14));
#2294=DIRECTION('',(-0.000708970446059629,0.999999748680422,0.));
#2295=DIRECTION('center_axis',(0.,0.,1.));
#2296=DIRECTION('ref_axis',(0.999999748680422,0.00070897044606148,0.));
#2297=DIRECTION('',(-0.999999748680422,-0.000708970446061415,0.));
#2298=DIRECTION('',(-0.000708970446059629,0.999999748680422,0.));
#2299=DIRECTION('center_axis',(-0.00070897044605963,0.999999748680422,0.));
#2300=DIRECTION('ref_axis',(3.9474586510379E-14,2.79863222397936E-17,1.));
#2301=DIRECTION('center_axis',(0.000708970446061415,-0.999999748680422,
0.));
#2302=DIRECTION('ref_axis',(3.9474586510379E-14,2.79863222397936E-17,1.));
#2303=DIRECTION('',(-0.000708970446059629,0.999999748680422,0.));
#2304=DIRECTION('center_axis',(-0.999999748680422,-0.00070897044605963,
0.));
#2305=DIRECTION('ref_axis',(0.,0.,1.));
#2306=DIRECTION('',(0.,0.,-1.));
#2307=DIRECTION('',(-0.000708970446059629,0.999999748680422,0.));
#2308=DIRECTION('center_axis',(-0.00070897044605963,0.999999748680422,0.));
#2309=DIRECTION('ref_axis',(-0.999999748680422,-0.000708970446059629,3.14563190310474E-14));
#2310=DIRECTION('center_axis',(0.000708970446061415,-0.999999748680422,
0.));
#2311=DIRECTION('ref_axis',(-0.999999748680422,-0.000708970446059629,3.14563190310474E-14));
#2312=DIRECTION('',(-0.000708970446059629,0.999999748680422,0.));
#2313=DIRECTION('center_axis',(9.73247212055788E-16,6.90003683468917E-19,
-1.));
#2314=DIRECTION('ref_axis',(-0.999999748680422,-0.00070897044606148,-9.73247456651928E-16));
#2315=DIRECTION('',(0.999999748680422,0.000708970446061415,9.73247456651928E-16));
#2316=DIRECTION('',(-0.000708970446059629,0.999999748680422,0.));
#2317=DIRECTION('center_axis',(-0.00070897044605963,0.999999748680422,0.));
#2318=DIRECTION('ref_axis',(-3.94745865103794E-14,-2.79863222397938E-17,
-1.));
#2319=DIRECTION('center_axis',(0.000708970446061415,-0.999999748680422,
0.));
#2320=DIRECTION('ref_axis',(-3.94745865103794E-14,-2.79863222397938E-17,
-1.));
#2321=DIRECTION('center_axis',(0.,0.,1.));
#2322=DIRECTION('ref_axis',(-0.38268343236509,0.923879532511287,0.));
#2323=DIRECTION('center_axis',(0.,0.,-1.));
#2324=DIRECTION('ref_axis',(-0.38268343236509,0.923879532511287,0.));
#2325=DIRECTION('',(0.,0.,-1.));
#2326=DIRECTION('center_axis',(-5.53171380721884E-16,1.,0.));
#2327=DIRECTION('ref_axis',(-1.,-5.53171380721884E-16,0.));
#2328=DIRECTION('',(-1.,-5.53171380721884E-16,0.));
#2329=DIRECTION('',(0.,0.,1.));
#2330=DIRECTION('center_axis',(0.,0.,1.));
#2331=DIRECTION('ref_axis',(0.396396347073364,-0.918079482412548,0.));
#2332=DIRECTION('center_axis',(0.,0.,1.));
#2333=DIRECTION('ref_axis',(0.396396347073364,-0.918079482412548,0.));
#2334=DIRECTION('',(0.,0.,-1.));
#2335=DIRECTION('center_axis',(0.,0.,1.));
#2336=DIRECTION('ref_axis',(-0.396396347073375,0.918079482412544,0.));
#2337=DIRECTION('',(0.,0.,1.));
#2338=DIRECTION('center_axis',(0.,0.,-1.));
#2339=DIRECTION('ref_axis',(-0.396396347073375,0.918079482412544,0.));
#2340=DIRECTION('',(0.,0.,-1.));
#2341=DIRECTION('center_axis',(0.,1.,0.));
#2342=DIRECTION('ref_axis',(-1.,0.,0.));
#2343=DIRECTION('',(-1.,0.,0.));
#2344=DIRECTION('',(0.,0.,1.));
#2345=DIRECTION('center_axis',(0.,0.,1.));
#2346=DIRECTION('ref_axis',(1.,0.,0.));
#2347=DIRECTION('center_axis',(0.,0.,-1.));
#2348=DIRECTION('ref_axis',(0.92368112700605,0.383162074862367,0.));
#2349=DIRECTION('',(-0.707839154269702,0.706373648774324,0.));
#2350=DIRECTION('center_axis',(0.,0.,-1.));
#2351=DIRECTION('ref_axis',(0.382204687131317,0.9240776899887,0.));
#2352=DIRECTION('',(-0.685739872053775,-0.727846706302689,0.));
#2353=DIRECTION('',(0.,1.,0.));
#2354=DIRECTION('',(0.707106781186551,0.707106781186544,0.));
#2355=DIRECTION('',(1.,5.51964510013111E-16,0.));
#2356=DIRECTION('',(0.685739872053774,0.727846706302689,0.));
#2357=DIRECTION('',(1.,3.06029013157729E-16,0.));
#2358=DIRECTION('',(0.707839154269705,-0.706373648774322,0.));
#2359=DIRECTION('',(0.,-1.,0.));
#2360=DIRECTION('',(-0.999999748680422,-0.000708970446061415,0.));
#2361=DIRECTION('',(-0.707106781186551,0.707106781186544,0.));
#2362=DIRECTION('center_axis',(0.,0.,1.));
#2363=DIRECTION('ref_axis',(0.382204687131317,0.9240776899887,0.));
#2364=DIRECTION('',(0.,0.,-1.));
#2365=DIRECTION('center_axis',(0.706373648774324,0.707839154269702,0.));
#2366=DIRECTION('ref_axis',(-0.707839154269702,0.706373648774324,0.));
#2367=DIRECTION('',(0.,0.,1.));
#2368=DIRECTION('center_axis',(0.,0.,1.));
#2369=DIRECTION('ref_axis',(0.92368112700605,0.383162074862367,0.));
#2370=DIRECTION('center_axis',(0.,0.,-1.));
#2371=DIRECTION('ref_axis',(1.,0.,0.));
#2372=DIRECTION('center_axis',(0.,0.,-1.));
#2373=DIRECTION('ref_axis',(1.,0.,0.));
#2374=DIRECTION('center_axis',(0.,0.,-1.));
#2375=DIRECTION('ref_axis',(-0.773957299203323,-0.63323779025726,0.));
#2376=DIRECTION('',(0.,0.,-1.));
#2377=DIRECTION('center_axis',(0.,0.,-1.));
#2378=DIRECTION('ref_axis',(-0.773957299203323,-0.63323779025726,0.));
#2379=DIRECTION('',(0.,0.,-1.));
#2380=DIRECTION('center_axis',(-0.773957299203322,-0.633237790257262,0.));
#2381=DIRECTION('ref_axis',(-0.633237790257262,0.773957299203322,0.));
#2382=DIRECTION('',(0.,0.,-1.));
#2383=DIRECTION('',(0.633237790257262,-0.773957299203322,0.));
#2384=DIRECTION('center_axis',(0.,0.,-1.));
#2385=DIRECTION('ref_axis',(0.773957299203326,0.633237790257257,0.));
#2386=DIRECTION('',(0.,0.,-1.));
#2387=DIRECTION('center_axis',(0.,0.,-1.));
#2388=DIRECTION('ref_axis',(0.773957299203326,0.633237790257257,0.));
#2389=DIRECTION('center_axis',(0.77395729920332,0.633237790257264,0.));
#2390=DIRECTION('ref_axis',(0.633237790257264,-0.77395729920332,0.));
#2391=DIRECTION('',(0.633237790257264,-0.77395729920332,0.));
#2392=DIRECTION('center_axis',(0.,0.,-1.));
#2393=DIRECTION('ref_axis',(1.,0.,0.));
#2394=DIRECTION('center_axis',(0.,0.,-1.));
#2395=DIRECTION('ref_axis',(0.,1.,0.));
#2396=DIRECTION('',(0.,0.,-1.));
#2397=DIRECTION('center_axis',(0.,0.,-1.));
#2398=DIRECTION('ref_axis',(0.,1.,0.));
#2399=DIRECTION('',(0.,0.,-1.));
#2400=DIRECTION('center_axis',(0.,1.,0.));
#2401=DIRECTION('ref_axis',(1.,0.,0.));
#2402=DIRECTION('',(0.,0.,-1.));
#2403=DIRECTION('',(1.,0.,0.));
#2404=DIRECTION('center_axis',(0.,0.,-1.));
#2405=DIRECTION('ref_axis',(-1.,0.,0.));
#2406=DIRECTION('',(0.,0.,-1.));
#2407=DIRECTION('center_axis',(0.,0.,-1.));
#2408=DIRECTION('ref_axis',(-1.,0.,0.));
#2409=DIRECTION('center_axis',(-1.,-4.20535048063726E-15,0.));
#2410=DIRECTION('ref_axis',(-4.20535048063726E-15,1.,0.));
#2411=DIRECTION('',(0.,0.,-1.));
#2412=DIRECTION('',(-4.20535048063726E-15,1.,0.));
#2413=DIRECTION('center_axis',(0.,0.,-1.));
#2414=DIRECTION('ref_axis',(-9.60192886162295E-15,-1.,0.));
#2415=DIRECTION('',(0.,0.,-1.));
#2416=DIRECTION('center_axis',(0.,0.,-1.));
#2417=DIRECTION('ref_axis',(-9.60192886162295E-15,-1.,0.));
#2418=DIRECTION('center_axis',(-6.61368580572943E-15,-1.,0.));
#2419=DIRECTION('ref_axis',(-1.,6.61368580572943E-15,0.));
#2420=DIRECTION('',(0.,0.,-1.));
#2421=DIRECTION('',(-1.,6.61368580572943E-15,0.));
#2422=DIRECTION('center_axis',(0.,0.,-1.));
#2423=DIRECTION('ref_axis',(1.,-4.80096443081147E-15,0.));
#2424=DIRECTION('',(0.,0.,-1.));
#2425=DIRECTION('center_axis',(0.,0.,-1.));
#2426=DIRECTION('ref_axis',(1.,-4.80096443081147E-15,0.));
#2427=DIRECTION('center_axis',(1.,-4.20535048063726E-15,0.));
#2428=DIRECTION('ref_axis',(-4.20535048063726E-15,-1.,0.));
#2429=DIRECTION('',(-4.20535048063726E-15,-1.,0.));
#2430=DIRECTION('center_axis',(0.,0.,-1.));
#2431=DIRECTION('ref_axis',(1.,0.,0.));
#2432=DIRECTION('center_axis',(0.,0.,-1.));
#2433=DIRECTION('ref_axis',(-1.,0.,0.));
#2434=DIRECTION('',(0.,0.,-1.));
#2435=DIRECTION('center_axis',(0.,0.,-1.));
#2436=DIRECTION('ref_axis',(-1.,0.,0.));
#2437=DIRECTION('',(0.,0.,-1.));
#2438=DIRECTION('center_axis',(-1.,-3.17206567491526E-15,0.));
#2439=DIRECTION('ref_axis',(-3.17206567491526E-15,1.,0.));
#2440=DIRECTION('',(0.,0.,-1.));
#2441=DIRECTION('',(-3.17206567491526E-15,1.,0.));
#2442=DIRECTION('center_axis',(0.,0.,-1.));
#2443=DIRECTION('ref_axis',(-9.60192886162295E-15,-1.,0.));
#2444=DIRECTION('',(0.,0.,-1.));
#2445=DIRECTION('center_axis',(0.,0.,-1.));
#2446=DIRECTION('ref_axis',(-9.60192886162295E-15,-1.,0.));
#2447=DIRECTION('center_axis',(-6.61368580572939E-15,-1.,0.));
#2448=DIRECTION('ref_axis',(-1.,6.61368580572939E-15,0.));
#2449=DIRECTION('',(0.,0.,-1.));
#2450=DIRECTION('',(-1.,6.61368580572939E-15,0.));
#2451=DIRECTION('center_axis',(0.,0.,-1.));
#2452=DIRECTION('ref_axis',(1.,0.,0.));
#2453=DIRECTION('',(0.,0.,-1.));
#2454=DIRECTION('center_axis',(0.,0.,-1.));
#2455=DIRECTION('ref_axis',(1.,0.,0.));
#2456=DIRECTION('center_axis',(1.,-6.34413134983052E-15,0.));
#2457=DIRECTION('ref_axis',(-6.34413134983052E-15,-1.,0.));
#2458=DIRECTION('',(0.,0.,-1.));
#2459=DIRECTION('',(-6.34413134983052E-15,-1.,0.));
#2460=DIRECTION('center_axis',(0.,0.,-1.));
#2461=DIRECTION('ref_axis',(0.,1.,0.));
#2462=DIRECTION('',(0.,0.,-1.));
#2463=DIRECTION('center_axis',(0.,0.,-1.));
#2464=DIRECTION('ref_axis',(0.,1.,0.));
#2465=DIRECTION('center_axis',(0.,1.,0.));
#2466=DIRECTION('ref_axis',(1.,0.,0.));
#2467=DIRECTION('',(1.,0.,0.));
#2468=DIRECTION('center_axis',(0.,0.,-1.));
#2469=DIRECTION('ref_axis',(1.,0.,0.));
#2470=DIRECTION('center_axis',(0.,0.,-1.));
#2471=DIRECTION('ref_axis',(1.,-4.80096443081147E-15,0.));
#2472=DIRECTION('',(0.,0.,-1.));
#2473=DIRECTION('center_axis',(0.,0.,-1.));
#2474=DIRECTION('ref_axis',(1.,-4.80096443081147E-15,0.));
#2475=DIRECTION('',(0.,0.,-1.));
#2476=DIRECTION('center_axis',(1.,-8.54228101720449E-15,0.));
#2477=DIRECTION('ref_axis',(-8.54228101720449E-15,-1.,0.));
#2478=DIRECTION('',(0.,0.,-1.));
#2479=DIRECTION('',(-8.54228101720449E-15,-1.,0.));
#2480=DIRECTION('center_axis',(0.,0.,-1.));
#2481=DIRECTION('ref_axis',(-9.601928861623E-15,1.,0.));
#2482=DIRECTION('',(0.,0.,-1.));
#2483=DIRECTION('center_axis',(0.,0.,-1.));
#2484=DIRECTION('ref_axis',(-9.601928861623E-15,1.,0.));
#2485=DIRECTION('center_axis',(0.,1.,0.));
#2486=DIRECTION('ref_axis',(1.,0.,0.));
#2487=DIRECTION('',(0.,0.,-1.));
#2488=DIRECTION('',(1.,0.,0.));
#2489=DIRECTION('center_axis',(0.,0.,-1.));
#2490=DIRECTION('ref_axis',(-1.,-4.80096443081147E-15,0.));
#2491=DIRECTION('',(0.,0.,-1.));
#2492=DIRECTION('center_axis',(0.,0.,-1.));
#2493=DIRECTION('ref_axis',(-1.,-4.80096443081147E-15,0.));
#2494=DIRECTION('center_axis',(-1.,0.,0.));
#2495=DIRECTION('ref_axis',(0.,1.,0.));
#2496=DIRECTION('',(0.,0.,-1.));
#2497=DIRECTION('',(0.,1.,0.));
#2498=DIRECTION('center_axis',(0.,0.,-1.));
#2499=DIRECTION('ref_axis',(-9.60192886162295E-15,-1.,0.));
#2500=DIRECTION('',(0.,0.,-1.));
#2501=DIRECTION('center_axis',(0.,0.,-1.));
#2502=DIRECTION('ref_axis',(-9.60192886162295E-15,-1.,0.));
#2503=DIRECTION('center_axis',(-7.01886554065885E-15,-1.,0.));
#2504=DIRECTION('ref_axis',(-1.,7.01886554065885E-15,0.));
#2505=DIRECTION('',(-1.,7.01886554065885E-15,0.));
#2506=DIRECTION('center_axis',(0.,0.,-1.));
#2507=DIRECTION('ref_axis',(1.,0.,0.));
#2508=DIRECTION('center_axis',(0.,0.,-1.));
#2509=DIRECTION('ref_axis',(-2.88057865848688E-14,-1.,0.));
#2510=DIRECTION('',(0.,0.,-1.));
#2511=DIRECTION('center_axis',(0.,0.,-1.));
#2512=DIRECTION('ref_axis',(-2.88057865848688E-14,-1.,0.));
#2513=DIRECTION('',(0.,0.,-1.));
#2514=DIRECTION('center_axis',(-6.61368580572943E-15,-1.,0.));
#2515=DIRECTION('ref_axis',(-1.,6.61368580572943E-15,0.));
#2516=DIRECTION('',(0.,0.,-1.));
#2517=DIRECTION('',(-1.,6.61368580572943E-15,0.));
#2518=DIRECTION('center_axis',(0.,0.,-1.));
#2519=DIRECTION('ref_axis',(1.,-4.80096443081143E-15,0.));
#2520=DIRECTION('',(0.,0.,-1.));
#2521=DIRECTION('center_axis',(0.,0.,-1.));
#2522=DIRECTION('ref_axis',(1.,-4.80096443081143E-15,0.));
#2523=DIRECTION('center_axis',(1.,-5.81919742402397E-15,0.));
#2524=DIRECTION('ref_axis',(-5.81919742402397E-15,-1.,0.));
#2525=DIRECTION('',(0.,0.,-1.));
#2526=DIRECTION('',(-5.81919742402397E-15,-1.,0.));
#2527=DIRECTION('center_axis',(0.,0.,-1.));
#2528=DIRECTION('ref_axis',(0.,1.,0.));
#2529=DIRECTION('',(0.,0.,-1.));
#2530=DIRECTION('center_axis',(0.,0.,-1.));
#2531=DIRECTION('ref_axis',(0.,1.,0.));
#2532=DIRECTION('center_axis',(0.,1.,0.));
#2533=DIRECTION('ref_axis',(1.,0.,0.));
#2534=DIRECTION('',(0.,0.,-1.));
#2535=DIRECTION('',(1.,0.,0.));
#2536=DIRECTION('center_axis',(0.,0.,-1.));
#2537=DIRECTION('ref_axis',(-1.,0.,0.));
#2538=DIRECTION('',(0.,0.,-1.));
#2539=DIRECTION('center_axis',(0.,0.,-1.));
#2540=DIRECTION('ref_axis',(-1.,0.,0.));
#2541=DIRECTION('center_axis',(-1.,-2.90959871201198E-15,0.));
#2542=DIRECTION('ref_axis',(-2.90959871201198E-15,1.,0.));
#2543=DIRECTION('',(-2.90959871201198E-15,1.,0.));
#2544=DIRECTION('center_axis',(0.,0.,-1.));
#2545=DIRECTION('ref_axis',(1.,0.,0.));
#2546=DIRECTION('center_axis',(-1.,0.,0.));
#2547=DIRECTION('ref_axis',(0.,1.,0.));
#2548=DIRECTION('',(0.,0.,-1.));
#2549=DIRECTION('',(0.,0.,-1.));
#2550=DIRECTION('center_axis',(-0.000708970446061415,0.999999748680422,
0.));
#2551=DIRECTION('ref_axis',(0.999999748680422,0.000708970446061415,0.));
#2552=DIRECTION('',(0.,0.,-1.));
#2553=DIRECTION('center_axis',(0.707106781186544,0.707106781186551,0.));
#2554=DIRECTION('ref_axis',(0.707106781186551,-0.707106781186544,0.));
#2555=DIRECTION('',(0.,0.,-1.));
#2556=DIRECTION('center_axis',(1.,0.,0.));
#2557=DIRECTION('ref_axis',(0.,-1.,0.));
#2558=DIRECTION('',(0.,0.,1.));
#2559=DIRECTION('center_axis',(0.707106781186544,-0.707106781186551,0.));
#2560=DIRECTION('ref_axis',(-0.707106781186551,-0.707106781186544,0.));
#2561=DIRECTION('',(0.,0.,-1.));
#2562=DIRECTION('center_axis',(5.51964510013111E-16,-1.,0.));
#2563=DIRECTION('ref_axis',(-1.,-5.51964510013111E-16,0.));
#2564=DIRECTION('',(0.,0.,-1.));
#2565=DIRECTION('center_axis',(0.727846706302689,-0.685739872053774,0.));
#2566=DIRECTION('ref_axis',(-0.685739872053774,-0.727846706302689,0.));
#2567=DIRECTION('',(0.,0.,-1.));
#2568=DIRECTION('center_axis',(3.06029013157729E-16,-1.,0.));
#2569=DIRECTION('ref_axis',(-1.,-3.06029013157729E-16,0.));
#2570=DIRECTION('',(0.,0.,-1.));
#2571=DIRECTION('center_axis',(-0.706373648774322,-0.707839154269705,0.));
#2572=DIRECTION('ref_axis',(-0.707839154269705,0.706373648774322,0.));
#2573=DIRECTION('center_axis',(-0.727846706302689,0.685739872053775,0.));
#2574=DIRECTION('ref_axis',(-0.685739872053775,-0.727846706302689,0.));
#2575=CARTESIAN_POINT('',(0.,0.,0.));
#2576=CARTESIAN_POINT('Origin',(222.35,-90.,-0.9049999714));
#2577=CARTESIAN_POINT('',(221.4,-90.,-0.9049999714));
#2578=CARTESIAN_POINT('',(223.3,-90.,-0.9049999714));
#2579=CARTESIAN_POINT('Origin',(222.35,-90.,-0.9049999714));
#2580=CARTESIAN_POINT('',(224.3,-90.,-1.9049999714));
#2581=CARTESIAN_POINT('Origin',(224.3,-90.,-0.9049999714));
#2582=CARTESIAN_POINT('Origin',(222.35,-90.,-1.9049999714));
#2583=CARTESIAN_POINT('Origin',(222.35,-90.,-0.9049999714));
#2584=CARTESIAN_POINT('Origin',(185.8,-93.6879026354212,-1.9049999714));
#2585=CARTESIAN_POINT('',(151.592893218813,-68.35,-1.9049999714));
#2586=CARTESIAN_POINT('',(144.75,-75.1928932188134,-1.9049999714));
#2587=CARTESIAN_POINT('',(153.810194255255,-66.1326989635586,-1.9049999714));
#2588=CARTESIAN_POINT('',(144.75,-114.307106781187,-1.9049999714));
#2589=CARTESIAN_POINT('',(144.75,-84.4403979271173,-1.9049999714));
#2590=CARTESIAN_POINT('',(155.518111072982,-125.075217854168,-1.9049999714));
#2591=CARTESIAN_POINT('',(149.857698963559,-119.414805744745,-1.9049999714));
#2592=CARTESIAN_POINT('',(226.85,-125.024645640348,-1.9049999714));
#2593=CARTESIAN_POINT('',(170.6701742627,-125.06447548647,-1.9049999714));
#2594=CARTESIAN_POINT('',(226.85,-86.6925896374519,-1.9049999714));
#2595=CARTESIAN_POINT('',(226.85,-109.356274137884,-1.9049999714));
#2596=CARTESIAN_POINT('',(202.406803330105,-62.3,-1.9049999714));
#2597=CARTESIAN_POINT('',(218.315055086311,-78.1753154171662,-1.9049999714));
#2598=CARTESIAN_POINT('',(173.384116541832,-62.3,-1.9049999714));
#2599=CARTESIAN_POINT('',(194.103401665053,-62.3,-1.9049999714));
#2600=CARTESIAN_POINT('',(167.684116541832,-68.35,-1.9049999714));
#2601=CARTESIAN_POINT('',(168.470270836244,-67.5155730734744,-1.9049999714));
#2602=CARTESIAN_POINT('',(176.742058270916,-68.35,-1.9049999714));
#2603=CARTESIAN_POINT('',(165.35,-100.7,-1.9049999714));
#2604=CARTESIAN_POINT('Origin',(163.4,-100.7,-1.9049999714));
#2605=CARTESIAN_POINT('',(165.065109240486,-93.58309584655,-1.9049999714));
#2606=CARTESIAN_POINT('',(156.065109106375,-82.5830956826372,-1.9049999714));
#2607=CARTESIAN_POINT('',(169.248035041523,-98.695560714484,-1.9049999714));
#2608=CARTESIAN_POINT('',(159.934895602392,-79.4169067313509,-1.9049999714));
#2609=CARTESIAN_POINT('Origin',(158.000002354383,-81.0000012069941,-1.9049999714));
#2610=CARTESIAN_POINT('',(168.934895736502,-90.4169068952637,-1.9049999714));
#2611=CARTESIAN_POINT('',(168.617821470484,-90.0293716812413,-1.9049999714));
#2612=CARTESIAN_POINT('Origin',(167.000002488494,-92.0000013709068,-1.9049999714));
#2613=CARTESIAN_POINT('',(202.656931656685,-96.963039700817,-1.9049999714));
#2614=CARTESIAN_POINT('',(202.656931656685,-88.5149598198219,-1.9049999714));
#2615=CARTESIAN_POINT('',(202.656931656685,-95.3254711681191,-1.9049999714));
#2616=CARTESIAN_POINT('',(206.356931656685,-84.8149598198219,-1.9049999714));
#2617=CARTESIAN_POINT('Origin',(206.356931656685,-88.5149598198219,-1.9049999714));
#2618=CARTESIAN_POINT('',(209.04281195336,-84.8149598198219,-1.9049999714));
#2619=CARTESIAN_POINT('',(196.078465828343,-84.8149598198219,-1.9049999714));
#2620=CARTESIAN_POINT('',(212.74281195336,-88.5149598198219,-1.9049999714));
#2621=CARTESIAN_POINT('Origin',(209.04281195336,-88.5149598198219,-1.9049999714));
#2622=CARTESIAN_POINT('',(212.74281195336,-96.9630397008171,-1.9049999714));
#2623=CARTESIAN_POINT('',(212.74281195336,-91.1014312276216,-1.9049999714));
#2624=CARTESIAN_POINT('',(209.04281195336,-100.663039700817,-1.9049999714));
#2625=CARTESIAN_POINT('Origin',(209.04281195336,-96.963039700817,-1.9049999714));
#2626=CARTESIAN_POINT('',(206.356931656685,-100.663039700817,-1.9049999714));
#2627=CARTESIAN_POINT('',(197.42140597668,-100.663039700817,-1.9049999714));
#2628=CARTESIAN_POINT('Origin',(206.356931656685,-96.963039700817,-1.9049999714));
#2629=CARTESIAN_POINT('',(161.300002458692,-120.000001788139,-1.9049999714));
#2630=CARTESIAN_POINT('',(158.614122162017,-120.000001788139,-1.9049999714));
#2631=CARTESIAN_POINT('',(173.550001229346,-120.000001788139,-1.9049999714));
#2632=CARTESIAN_POINT('',(154.914122162017,-116.300001788139,-1.9049999714));
#2633=CARTESIAN_POINT('Origin',(158.614122162017,-116.300001788139,-1.9049999714));
#2634=CARTESIAN_POINT('',(154.914122162017,-110.700001594424,-1.9049999714));
#2635=CARTESIAN_POINT('',(154.914122162017,-104.99395221178,-1.9049999714));
#2636=CARTESIAN_POINT('',(158.614122162017,-107.000001594424,-1.9049999714));
#2637=CARTESIAN_POINT('Origin',(158.614122162017,-110.700001594424,-1.9049999714));
#2638=CARTESIAN_POINT('',(161.300002458692,-107.000001594424,-1.9049999714));
#2639=CARTESIAN_POINT('',(172.207061081009,-107.000001594424,-1.9049999714));
#2640=CARTESIAN_POINT('',(165.000002458692,-110.700001594424,-1.9049999714));
#2641=CARTESIAN_POINT('Origin',(161.300002458692,-110.700001594424,-1.9049999714));
#2642=CARTESIAN_POINT('',(165.000002458692,-116.300001788139,-1.9049999714));
#2643=CARTESIAN_POINT('',(165.000002458692,-102.193952114923,-1.9049999714));
#2644=CARTESIAN_POINT('Origin',(161.300002458692,-116.300001788139,-1.9049999714));
#2645=CARTESIAN_POINT('',(205.332622295471,-110.457916753628,-1.9049999714));
#2646=CARTESIAN_POINT('',(217.986781497625,-110.457916753628,-1.9049999714));
#2647=CARTESIAN_POINT('',(195.566311147735,-110.457916753628,-1.9049999714));
#2648=CARTESIAN_POINT('',(221.686781497625,-114.157916753628,-1.9049999714));
#2649=CARTESIAN_POINT('Origin',(217.986781497625,-114.157916753628,-1.9049999714));
#2650=CARTESIAN_POINT('',(221.686781497625,-118.316892174414,-1.9049999714));
#2651=CARTESIAN_POINT('',(221.686781497625,-103.922909694525,-1.9049999714));
#2652=CARTESIAN_POINT('',(217.986781497625,-122.016892174414,-1.9049999714));
#2653=CARTESIAN_POINT('Origin',(217.986781497625,-118.316892174414,-1.9049999714));
#2654=CARTESIAN_POINT('',(205.332622295471,-122.016892174414,-1.9049999714));
#2655=CARTESIAN_POINT('',(201.893390748812,-122.016892174414,-1.9049999714));
#2656=CARTESIAN_POINT('',(201.632622295471,-118.316892174414,-1.9049999714));
#2657=CARTESIAN_POINT('Origin',(205.332622295471,-118.316892174414,-1.9049999714));
#2658=CARTESIAN_POINT('',(201.632622295471,-114.157916753628,-1.9049999714));
#2659=CARTESIAN_POINT('',(201.632622295471,-106.002397404918,-1.9049999714));
#2660=CARTESIAN_POINT('Origin',(205.332622295471,-114.157916753628,-1.9049999714));
#2661=CARTESIAN_POINT('',(191.526503572749,-74.1937447006143,-1.9049999714));
#2662=CARTESIAN_POINT('',(191.526503572749,-98.6143884418525,-1.9049999714));
#2663=CARTESIAN_POINT('',(191.526503572749,-83.9408236680178,-1.9049999714));
#2664=CARTESIAN_POINT('',(187.826503572749,-102.314388441852,-1.9049999714));
#2665=CARTESIAN_POINT('Origin',(187.826503572749,-98.6143884418524,-1.9049999714));
#2666=CARTESIAN_POINT('',(185.140623276075,-102.314388441852,-1.9049999714));
#2667=CARTESIAN_POINT('',(186.813251786374,-102.314388441852,-1.9049999714));
#2668=CARTESIAN_POINT('',(181.440623276075,-98.6143884418525,-1.9049999714));
#2669=CARTESIAN_POINT('Origin',(185.140623276075,-98.6143884418525,-1.9049999714));
#2670=CARTESIAN_POINT('',(181.440623276075,-74.1937447006143,-1.9049999714));
#2671=CARTESIAN_POINT('',(181.440623276075,-96.1511455386368,-1.9049999714));
#2672=CARTESIAN_POINT('',(185.140623276075,-70.4937447006143,-1.9049999714));
#2673=CARTESIAN_POINT('Origin',(185.140623276075,-74.1937447006143,-1.9049999714));
#2674=CARTESIAN_POINT('',(187.826503572749,-70.4937447006143,-1.9049999714));
#2675=CARTESIAN_POINT('',(185.470311638037,-70.4937447006143,-1.9049999714));
#2676=CARTESIAN_POINT('Origin',(187.826503572749,-74.1937447006143,-1.9049999714));
#2677=CARTESIAN_POINT('Origin',(222.35,-90.,0.));
#2678=CARTESIAN_POINT('',(221.4,-90.,2.));
#2679=CARTESIAN_POINT('Origin',(222.35,-90.,2.));
#2680=CARTESIAN_POINT('',(221.4,-90.,0.));
#2681=CARTESIAN_POINT('Origin',(163.4,-100.7,-0.9049999714));
#2682=CARTESIAN_POINT('',(162.45,-100.7,-0.9049999714));
#2683=CARTESIAN_POINT('',(164.35,-100.7,-0.9049999714));
#2684=CARTESIAN_POINT('Origin',(163.4,-100.7,-0.9049999714));
#2685=CARTESIAN_POINT('Origin',(165.35,-100.7,-0.9049999714));
#2686=CARTESIAN_POINT('Origin',(163.4,-100.7,-0.9049999714));
#2687=CARTESIAN_POINT('Origin',(163.4,-100.7,0.));
#2688=CARTESIAN_POINT('',(162.45,-100.7,2.));
#2689=CARTESIAN_POINT('Origin',(163.4,-100.7,2.));
#2690=CARTESIAN_POINT('',(162.45,-100.7,0.));
#2691=CARTESIAN_POINT('Origin',(228.3,-110.35556541858,-2.45));
#2692=CARTESIAN_POINT('',(227.75,-87.1074103625482,-3.));
#2693=CARTESIAN_POINT('',(228.85,-87.1074103625482,-1.9));
#2694=CARTESIAN_POINT('',(227.75,-87.1074103625482,-3.));
#2695=CARTESIAN_POINT('',(228.85,-124.025354359652,-1.9));
#2696=CARTESIAN_POINT('',(228.85,-110.35556541858,-1.9));
#2697=CARTESIAN_POINT('',(227.75,-124.025354359652,-3.));
#2698=CARTESIAN_POINT('',(228.85,-124.025354359652,-1.9));
#2699=CARTESIAN_POINT('',(227.75,-110.35556541858,-3.));
#2700=CARTESIAN_POINT('Origin',(225.85,-87.1074103625482,-2.45));
#2701=CARTESIAN_POINT('',(227.192109932671,-85.7625159694358,-3.));
#2702=CARTESIAN_POINT('',(227.969120946323,-84.9838928997391,-1.9));
#2703=CARTESIAN_POINT('',(227.192109932671,-85.7625159694358,-3.));
#2704=CARTESIAN_POINT('Origin',(225.85,-87.1074103625482,-1.9));
#2705=CARTESIAN_POINT('Origin',(225.85,-87.1074103625482,-3.));
#2706=CARTESIAN_POINT('Origin',(219.63292322826,-77.4419670726486,-2.45));
#2707=CARTESIAN_POINT('',(203.335306602566,-61.9551056068875,-3.));
#2708=CARTESIAN_POINT('',(204.112317616218,-61.1764825371909,-1.9));
#2709=CARTESIAN_POINT('',(203.335306602566,-61.9551056068875,-3.));
#2710=CARTESIAN_POINT('',(220.021428735086,-77.0526555378003,-1.9));
#2711=CARTESIAN_POINT('',(219.244417721434,-77.831278607497,-3.));
#2712=CARTESIAN_POINT('Origin',(201.993196669895,-63.3,-2.45));
#2713=CARTESIAN_POINT('',(201.993196669895,-61.4,-3.));
#2714=CARTESIAN_POINT('',(201.993196669895,-60.3,-1.9));
#2715=CARTESIAN_POINT('',(201.993196669895,-61.4,-3.));
#2716=CARTESIAN_POINT('Origin',(201.993196669895,-63.3,-1.9));
#2717=CARTESIAN_POINT('Origin',(201.993196669895,-63.3,-3.));
#2718=CARTESIAN_POINT('Origin',(194.517008325263,-60.85,-2.45));
#2719=CARTESIAN_POINT('',(173.815883458168,-61.4,-3.));
#2720=CARTESIAN_POINT('',(173.815883458168,-60.3,-1.9));
#2721=CARTESIAN_POINT('',(173.815883458168,-61.4,-3.));
#2722=CARTESIAN_POINT('',(194.517008325263,-60.3,-1.9));
#2723=CARTESIAN_POINT('',(194.517008325263,-61.4,-3.));
#2724=CARTESIAN_POINT('Origin',(173.815883458168,-63.3,-2.45));
#2725=CARTESIAN_POINT('',(172.432974716193,-61.9970942430978,-3.));
#2726=CARTESIAN_POINT('',(171.63234333926,-61.2427803838386,-1.9));
#2727=CARTESIAN_POINT('',(172.432974716193,-61.9970942430978,-3.));
#2728=CARTESIAN_POINT('Origin',(173.815883458168,-63.3,-1.9));
#2729=CARTESIAN_POINT('Origin',(173.815883458168,-63.3,-3.));
#2730=CARTESIAN_POINT('Origin',(167.710972902071,-66.2069901310502,-2.45));
#2731=CARTESIAN_POINT('',(168.509453455988,-66.1615334754205,-3.));
#2732=CARTESIAN_POINT('',(167.708822079055,-65.4072196161613,-1.9));
#2733=CARTESIAN_POINT('',(168.509453455988,-66.1615334754205,-3.));
#2734=CARTESIAN_POINT('',(167.310657213605,-65.8298332014206,-1.9));
#2735=CARTESIAN_POINT('',(168.111288590538,-66.5841470606797,-3.));
#2736=CARTESIAN_POINT('Origin',(165.525281960147,-63.35,-2.45));
#2737=CARTESIAN_POINT('',(165.525281960147,-67.45,-3.));
#2738=CARTESIAN_POINT('',(165.525281960147,-66.35,-1.9));
#2739=CARTESIAN_POINT('',(165.525281960147,-67.45,-3.));
#2740=CARTESIAN_POINT('Origin',(165.525281960147,-63.35,-1.9));
#2741=CARTESIAN_POINT('Origin',(165.525281960147,-63.35,-3.));
#2742=CARTESIAN_POINT('Origin',(176.310291354579,-66.9,-2.45));
#2743=CARTESIAN_POINT('',(152.007106781187,-67.45,-3.));
#2744=CARTESIAN_POINT('',(152.007106781187,-66.35,-1.9));
#2745=CARTESIAN_POINT('',(152.007106781187,-67.45,-3.));
#2746=CARTESIAN_POINT('',(176.310291354579,-66.35,-1.9));
#2747=CARTESIAN_POINT('',(176.310291354579,-67.45,-3.));
#2748=CARTESIAN_POINT('Origin',(152.007106781187,-69.35,-2.45));
#2749=CARTESIAN_POINT('',(150.663603896932,-68.0064971157455,-3.));
#2750=CARTESIAN_POINT('',(149.885786437627,-67.2286796564403,-1.9));
#2751=CARTESIAN_POINT('',(150.663603896932,-68.0064971157455,-3.));
#2752=CARTESIAN_POINT('Origin',(152.007106781187,-69.35,-1.9));
#2753=CARTESIAN_POINT('Origin',(152.007106781187,-69.35,-3.));
#2754=CARTESIAN_POINT('Origin',(153.077782641348,-64.8145009120247,-2.45));
#2755=CARTESIAN_POINT('',(144.406497115746,-74.2636038969322,-3.));
#2756=CARTESIAN_POINT('',(143.62867965644,-73.485786437627,-1.9));
#2757=CARTESIAN_POINT('',(144.406497115746,-74.2636038969322,-3.));
#2758=CARTESIAN_POINT('',(152.688873911695,-64.4255921823721,-1.9));
#2759=CARTESIAN_POINT('',(153.466691371,-65.2034096416773,-3.));
#2760=CARTESIAN_POINT('Origin',(145.75,-75.6071067811866,-2.45));
#2761=CARTESIAN_POINT('',(143.85,-75.6071067811866,-3.));
#2762=CARTESIAN_POINT('',(142.75,-75.6071067811866,-1.9));
#2763=CARTESIAN_POINT('',(143.85,-75.6071067811866,-3.));
#2764=CARTESIAN_POINT('Origin',(145.75,-75.6071067811866,-1.9));
#2765=CARTESIAN_POINT('Origin',(145.75,-75.6071067811866,-3.));
#2766=CARTESIAN_POINT('Origin',(143.3,-84.0261843647442,-2.45));
#2767=CARTESIAN_POINT('',(143.85,-113.892893218813,-3.));
#2768=CARTESIAN_POINT('',(142.75,-113.892893218813,-1.9));
#2769=CARTESIAN_POINT('',(143.85,-113.892893218813,-3.));
#2770=CARTESIAN_POINT('',(142.75,-84.0261843647442,-1.9));
#2771=CARTESIAN_POINT('',(143.85,-84.0261843647442,-3.));
#2772=CARTESIAN_POINT('Origin',(145.75,-113.892893218813,-2.45));
#2773=CARTESIAN_POINT('',(144.406497115746,-115.236396103068,-3.));
#2774=CARTESIAN_POINT('',(143.62867965644,-116.014213562373,-1.9));
#2775=CARTESIAN_POINT('',(144.406497115746,-115.236396103068,-3.));
#2776=CARTESIAN_POINT('Origin',(145.75,-113.892893218813,-1.9));
#2777=CARTESIAN_POINT('Origin',(145.75,-113.892893218813,-3.));
#2778=CARTESIAN_POINT('Origin',(148.539500912025,-120.147217358652,-2.45));
#2779=CARTESIAN_POINT('',(154.588528042764,-125.418427030086,-3.));
#2780=CARTESIAN_POINT('',(153.810710583459,-126.196244489391,-1.9));
#2781=CARTESIAN_POINT('',(154.588528042764,-125.418427030086,-3.));
#2782=CARTESIAN_POINT('',(148.150592182372,-120.536126088305,-1.9));
#2783=CARTESIAN_POINT('',(148.928409641677,-119.758308629,-3.));
#2784=CARTESIAN_POINT('Origin',(155.932030927018,-124.074924145832,-2.45));
#2785=CARTESIAN_POINT('',(155.933377970866,-125.974923668324,-3.));
#2786=CARTESIAN_POINT('',(155.934157838356,-127.074923391873,-1.9));
#2787=CARTESIAN_POINT('',(155.933377970866,-125.974923668324,-3.));
#2788=CARTESIAN_POINT('Origin',(155.932030927018,-124.074924145832,-1.9));
#2789=CARTESIAN_POINT('Origin',(155.932030927018,-124.074924145832,-3.));
#2790=CARTESIAN_POINT('Origin',(170.256573445364,-126.514769081713,-2.45));
#2791=CARTESIAN_POINT('',(225.851347043848,-125.925353882145,-3.));
#2792=CARTESIAN_POINT('',(225.852126911338,-127.025353605694,-1.9));
#2793=CARTESIAN_POINT('',(225.851347043848,-125.925353882145,-3.));
#2794=CARTESIAN_POINT('',(170.25696337911,-127.064768943488,-1.9));
#2795=CARTESIAN_POINT('',(170.256183511619,-125.964769219939,-3.));
#2796=CARTESIAN_POINT('Origin',(225.85,-124.025354359652,-2.45));
#2797=CARTESIAN_POINT('Origin',(225.85,-124.025354359652,-1.9));
#2798=CARTESIAN_POINT('Origin',(225.85,-124.025354359652,-3.));
#2799=CARTESIAN_POINT('Origin',(150.764466094067,-66.35,-3.));
#2800=CARTESIAN_POINT('',(143.62867965644,-73.485786437627,11.));
#2801=CARTESIAN_POINT('',(143.62867965644,-73.485786437627,-3.));
#2802=CARTESIAN_POINT('',(149.885786437627,-67.2286796564403,11.));
#2803=CARTESIAN_POINT('',(150.764466094067,-66.35,11.));
#2804=CARTESIAN_POINT('',(149.885786437627,-67.2286796564403,-3.));
#2805=CARTESIAN_POINT('Origin',(145.75,-75.6071067811866,-3.));
#2806=CARTESIAN_POINT('',(142.75,-75.6071067811866,11.));
#2807=CARTESIAN_POINT('',(142.75,-75.6071067811866,-3.));
#2808=CARTESIAN_POINT('Origin',(145.75,-75.6071067811866,11.));
#2809=CARTESIAN_POINT('Origin',(142.75,-74.3644660940673,-3.));
#2810=CARTESIAN_POINT('',(142.75,-113.892893218813,11.));
#2811=CARTESIAN_POINT('',(142.75,-113.892893218813,-3.));
#2812=CARTESIAN_POINT('',(142.75,-74.3644660940673,11.));
#2813=CARTESIAN_POINT('Origin',(145.75,-113.892893218813,-3.));
#2814=CARTESIAN_POINT('',(143.62867965644,-116.014213562373,11.));
#2815=CARTESIAN_POINT('',(143.62867965644,-116.014213562373,-3.));
#2816=CARTESIAN_POINT('Origin',(145.75,-113.892893218813,11.));
#2817=CARTESIAN_POINT('Origin',(142.75,-115.135533905933,-3.));
#2818=CARTESIAN_POINT('',(153.810710583459,-126.196244489391,11.));
#2819=CARTESIAN_POINT('',(153.810710583459,-126.196244489391,-3.));
#2820=CARTESIAN_POINT('',(142.75,-115.135533905933,11.));
#2821=CARTESIAN_POINT('Origin',(155.932030927018,-124.074924145832,-3.));
#2822=CARTESIAN_POINT('',(155.934157838356,-127.074923391873,11.));
#2823=CARTESIAN_POINT('',(155.934157838356,-127.074923391873,-3.));
#2824=CARTESIAN_POINT('Origin',(155.932030927018,-124.074924145832,11.));
#2825=CARTESIAN_POINT('Origin',(154.69027136491,-127.075805270842,-3.));
#2826=CARTESIAN_POINT('',(225.852126911338,-127.025353605694,11.));
#2827=CARTESIAN_POINT('',(225.852126911338,-127.025353605694,-3.));
#2828=CARTESIAN_POINT('',(154.69027136491,-127.075805270842,11.));
#2829=CARTESIAN_POINT('',(182.88143587464,-127.055818563342,3.30854388800857));
#2830=CARTESIAN_POINT('',(182.88143587464,-127.055818563342,5.10854388800857));
#2831=CARTESIAN_POINT('',(182.88143587464,-127.055818563342,0.154271944004283));
#2832=CARTESIAN_POINT('',(183.781435648452,-127.05518048994,6.00854388800857));
#2833=CARTESIAN_POINT('Origin',(183.781435648452,-127.05518048994,5.1085438880086));
#2834=CARTESIAN_POINT('',(191.481433713292,-127.049721417506,6.00854388800856));
#2835=CARTESIAN_POINT('',(169.235853506681,-127.065492880391,6.00854388800857));
#2836=CARTESIAN_POINT('',(192.381433487104,-127.049083344104,5.10854388800857));
#2837=CARTESIAN_POINT('Origin',(191.481433713292,-127.049721417506,5.1085438880086));
#2838=CARTESIAN_POINT('',(192.381433487104,-127.049083344104,3.30854388800856));
#2839=CARTESIAN_POINT('',(192.381433487104,-127.049083344104,1.05427194400428));
#2840=CARTESIAN_POINT('',(191.481433713292,-127.049721417506,2.40854388800857));
#2841=CARTESIAN_POINT('Origin',(191.481433713292,-127.049721417506,3.30854388800854));
#2842=CARTESIAN_POINT('',(183.781435648452,-127.05518048994,2.40854388800857));
#2843=CARTESIAN_POINT('',(173.085852539101,-127.062763344174,2.40854388800856));
#2844=CARTESIAN_POINT('Origin',(183.781435648452,-127.05518048994,3.30854388800854));
#2845=CARTESIAN_POINT('Origin',(225.85,-124.025354359652,-3.));
#2846=CARTESIAN_POINT('',(228.85,-124.025354359652,11.));
#2847=CARTESIAN_POINT('',(228.85,-124.025354359652,-3.));
#2848=CARTESIAN_POINT('Origin',(225.85,-124.025354359652,11.));
#2849=CARTESIAN_POINT('Origin',(228.85,-127.023228201739,-3.));
#2850=CARTESIAN_POINT('',(228.85,-87.1074103625482,11.));
#2851=CARTESIAN_POINT('',(228.85,-87.1074103625482,-3.));
#2852=CARTESIAN_POINT('',(228.85,-127.023228201739,11.));
#2853=CARTESIAN_POINT('Origin',(185.8,-93.6879026354212,-3.));
#2854=CARTESIAN_POINT('Origin',(192.381433487104,-127.049083344104,5.10854388800857));
#2855=CARTESIAN_POINT('',(192.380015546212,-125.049083846743,3.30854388800856));
#2856=CARTESIAN_POINT('',(192.380015546212,-125.049083846743,5.10854388800857));
#2857=CARTESIAN_POINT('',(192.380015546212,-125.049083846743,2.55427194400428));
#2858=CARTESIAN_POINT('',(192.381433487104,-127.049083344104,3.30854388800856));
#2859=CARTESIAN_POINT('',(192.381433487104,-127.049083344104,5.10854388800857));
#2860=CARTESIAN_POINT('Origin',(191.481433713292,-127.049721417506,5.1085438880086));
#2861=CARTESIAN_POINT('',(191.4800157724,-125.049721920145,6.00854388800856));
#2862=CARTESIAN_POINT('Origin',(191.4800157724,-125.049721920145,5.1085438880086));
#2863=CARTESIAN_POINT('',(191.481433713292,-127.049721417506,6.00854388800856));
#2864=CARTESIAN_POINT('Origin',(183.781435648452,-127.05518048994,6.00854388800857));
#2865=CARTESIAN_POINT('',(183.78001770756,-125.05518099258,6.00854388800857));
#2866=CARTESIAN_POINT('',(169.649064390271,-125.065199423374,6.00854388800857));
#2867=CARTESIAN_POINT('',(183.781435648452,-127.05518048994,6.00854388800857));
#2868=CARTESIAN_POINT('Origin',(183.781435648452,-127.05518048994,5.1085438880086));
#2869=CARTESIAN_POINT('',(182.880017933748,-125.055819065981,5.10854388800857));
#2870=CARTESIAN_POINT('Origin',(183.78001770756,-125.05518099258,5.1085438880086));
#2871=CARTESIAN_POINT('',(182.88143587464,-127.055818563342,5.10854388800857));
#2872=CARTESIAN_POINT('Origin',(182.88143587464,-127.055818563342,3.30854388800857));
#2873=CARTESIAN_POINT('',(182.880017933748,-125.055819065981,3.30854388800857));
#2874=CARTESIAN_POINT('',(182.880017933748,-125.055819065981,1.65427194400428));
#2875=CARTESIAN_POINT('',(182.88143587464,-127.055818563342,3.30854388800857));
#2876=CARTESIAN_POINT('Origin',(183.781435648452,-127.05518048994,3.30854388800854));
#2877=CARTESIAN_POINT('',(183.78001770756,-125.05518099258,2.40854388800857));
#2878=CARTESIAN_POINT('Origin',(183.78001770756,-125.05518099258,3.30854388800854));
#2879=CARTESIAN_POINT('',(183.781435648452,-127.05518048994,2.40854388800857));
#2880=CARTESIAN_POINT('Origin',(191.481433713292,-127.049721417506,2.40854388800857));
#2881=CARTESIAN_POINT('',(191.4800157724,-125.049721920145,2.40854388800857));
#2882=CARTESIAN_POINT('',(173.499063422691,-125.062469887157,2.40854388800856));
#2883=CARTESIAN_POINT('',(191.481433713292,-127.049721417506,2.40854388800857));
#2884=CARTESIAN_POINT('Origin',(191.481433713292,-127.049721417506,3.30854388800854));
#2885=CARTESIAN_POINT('Origin',(191.4800157724,-125.049721920145,3.30854388800854));
#2886=CARTESIAN_POINT('Origin',(152.007106781187,-69.35,-3.));
#2887=CARTESIAN_POINT('',(152.007106781187,-66.35,11.));
#2888=CARTESIAN_POINT('Origin',(152.007106781187,-69.35,11.));
#2889=CARTESIAN_POINT('',(152.007106781187,-66.35,-3.));
#2890=CARTESIAN_POINT('Origin',(166.820582709158,-66.35,-3.));
#2891=CARTESIAN_POINT('',(165.525281960147,-66.35,11.));
#2892=CARTESIAN_POINT('',(166.820582709158,-66.35,11.));
#2893=CARTESIAN_POINT('',(165.525281960147,-66.35,-3.));
#2894=CARTESIAN_POINT('Origin',(165.525281960147,-63.35,-3.));
#2895=CARTESIAN_POINT('',(167.708822079055,-65.4072196161613,11.));
#2896=CARTESIAN_POINT('Origin',(165.525281960147,-63.35,11.));
#2897=CARTESIAN_POINT('',(167.708822079055,-65.4072196161613,-3.));
#2898=CARTESIAN_POINT('Origin',(173.815883458168,-63.3,-3.));
#2899=CARTESIAN_POINT('',(171.63234333926,-61.2427803838386,11.));
#2900=CARTESIAN_POINT('',(171.63234333926,-61.2427803838386,-3.));
#2901=CARTESIAN_POINT('',(173.815883458168,-60.3,11.));
#2902=CARTESIAN_POINT('Origin',(173.815883458168,-63.3,11.));
#2903=CARTESIAN_POINT('',(173.815883458168,-60.3,-3.));
#2904=CARTESIAN_POINT('Origin',(203.234016650527,-60.3,-3.));
#2905=CARTESIAN_POINT('',(201.993196669895,-60.3,11.));
#2906=CARTESIAN_POINT('',(203.234016650527,-60.3,11.));
#2907=CARTESIAN_POINT('',(201.993196669895,-60.3,-3.));
#2908=CARTESIAN_POINT('Origin',(185.8,-93.6879026354212,11.));
#2909=CARTESIAN_POINT('',(227.969120946323,-84.9838928997391,11.));
#2910=CARTESIAN_POINT('Origin',(225.85,-87.1074103625482,11.));
#2911=CARTESIAN_POINT('',(204.112317616218,-61.1764825371909,11.));
#2912=CARTESIAN_POINT('',(228.85,-85.8629481872595,11.));
#2913=CARTESIAN_POINT('Origin',(201.993196669895,-63.3,11.));
#2914=CARTESIAN_POINT('',(172.520582709158,-60.3,11.));
#2915=CARTESIAN_POINT('',(144.75,-114.307106781187,11.));
#2916=CARTESIAN_POINT('',(144.75,-75.1928932188134,11.));
#2917=CARTESIAN_POINT('',(144.75,-75.1928932188134,11.));
#2918=CARTESIAN_POINT('',(151.592893218813,-68.35,11.));
#2919=CARTESIAN_POINT('',(151.592893218813,-68.35,11.));
#2920=CARTESIAN_POINT('',(167.684116541832,-68.35,11.));
#2921=CARTESIAN_POINT('',(167.684116541832,-68.35,11.));
#2922=CARTESIAN_POINT('',(173.384116541832,-62.3,11.));
#2923=CARTESIAN_POINT('',(173.384116541832,-62.3,11.));
#2924=CARTESIAN_POINT('',(202.406803330105,-62.3,11.));
#2925=CARTESIAN_POINT('',(202.406803330105,-62.3,11.));
#2926=CARTESIAN_POINT('',(226.85,-86.6925896374519,11.));
#2927=CARTESIAN_POINT('',(226.85,-86.6925896374519,11.));
#2928=CARTESIAN_POINT('',(226.85,-125.024645640348,11.));
#2929=CARTESIAN_POINT('',(226.85,-125.024645640348,11.));
#2930=CARTESIAN_POINT('',(155.518111072982,-125.075217854168,11.));
#2931=CARTESIAN_POINT('',(155.518111072982,-125.075217854168,11.));
#2932=CARTESIAN_POINT('',(144.75,-114.307106781187,11.));
#2933=CARTESIAN_POINT('Origin',(201.993196669895,-63.3,-3.));
#2934=CARTESIAN_POINT('',(204.112317616218,-61.1764825371909,-3.));
#2935=CARTESIAN_POINT('Origin',(228.85,-85.8629481872595,-3.));
#2936=CARTESIAN_POINT('',(227.969120946323,-84.9838928997391,-3.));
#2937=CARTESIAN_POINT('Origin',(225.85,-87.1074103625482,-3.));
#2938=CARTESIAN_POINT('Origin',(222.35,-90.,2.));
#2939=CARTESIAN_POINT('Origin',(163.4,-100.7,2.));
#2940=CARTESIAN_POINT('Origin',(158.000002354383,-81.0000012069941,0.));
#2941=CARTESIAN_POINT('',(156.065109106375,-82.5830956826372,0.));
#2942=CARTESIAN_POINT('',(156.065109106375,-82.5830956826372,0.));
#2943=CARTESIAN_POINT('',(159.934895602392,-79.4169067313509,0.));
#2944=CARTESIAN_POINT('Origin',(158.000002354383,-81.0000012069941,0.));
#2945=CARTESIAN_POINT('',(159.934895602392,-79.4169067313509,0.));
#2946=CARTESIAN_POINT('Origin',(165.065109240486,-93.58309584655,0.));
#2947=CARTESIAN_POINT('',(165.065109240486,-93.58309584655,0.));
#2948=CARTESIAN_POINT('',(165.065109240486,-93.58309584655,0.));
#2949=CARTESIAN_POINT('',(156.065109106375,-82.5830956826372,0.));
#2950=CARTESIAN_POINT('Origin',(167.000002488494,-92.0000013709068,0.));
#2951=CARTESIAN_POINT('',(168.934895736502,-90.4169068952637,0.));
#2952=CARTESIAN_POINT('',(168.934895736502,-90.4169068952637,0.));
#2953=CARTESIAN_POINT('Origin',(167.000002488494,-92.0000013709068,0.));
#2954=CARTESIAN_POINT('Origin',(159.934895602392,-79.4169067313509,0.));
#2955=CARTESIAN_POINT('',(159.934895602392,-79.4169067313509,0.));
#2956=CARTESIAN_POINT('Origin',(162.500002421439,-86.5000012889504,0.));
#2957=CARTESIAN_POINT('Origin',(209.04281195336,-88.5149598198219,0.));
#2958=CARTESIAN_POINT('',(209.04281195336,-84.8149598198219,0.));
#2959=CARTESIAN_POINT('',(209.04281195336,-84.8149598198219,0.));
#2960=CARTESIAN_POINT('',(212.74281195336,-88.5149598198219,0.));
#2961=CARTESIAN_POINT('Origin',(209.04281195336,-88.5149598198219,0.));
#2962=CARTESIAN_POINT('',(212.74281195336,-88.5149598198219,0.));
#2963=CARTESIAN_POINT('Origin',(206.356931656685,-84.8149598198219,0.));
#2964=CARTESIAN_POINT('',(206.356931656685,-84.8149598198219,0.));
#2965=CARTESIAN_POINT('',(206.356931656685,-84.8149598198219,0.));
#2966=CARTESIAN_POINT('',(206.356931656685,-84.8149598198219,0.));
#2967=CARTESIAN_POINT('Origin',(206.356931656685,-88.5149598198219,0.));
#2968=CARTESIAN_POINT('',(202.656931656685,-88.5149598198219,0.));
#2969=CARTESIAN_POINT('',(202.656931656685,-88.5149598198219,0.));
#2970=CARTESIAN_POINT('Origin',(206.356931656685,-88.5149598198219,0.));
#2971=CARTESIAN_POINT('Origin',(202.656931656685,-96.963039700817,0.));
#2972=CARTESIAN_POINT('',(202.656931656685,-96.963039700817,0.));
#2973=CARTESIAN_POINT('',(202.656931656685,-96.963039700817,0.));
#2974=CARTESIAN_POINT('',(202.656931656685,-96.963039700817,0.));
#2975=CARTESIAN_POINT('Origin',(206.356931656685,-96.963039700817,0.));
#2976=CARTESIAN_POINT('',(206.356931656685,-100.663039700817,0.));
#2977=CARTESIAN_POINT('',(206.356931656685,-100.663039700817,0.));
#2978=CARTESIAN_POINT('Origin',(206.356931656685,-96.963039700817,0.));
#2979=CARTESIAN_POINT('Origin',(209.04281195336,-100.663039700817,0.));
#2980=CARTESIAN_POINT('',(209.04281195336,-100.663039700817,0.));
#2981=CARTESIAN_POINT('',(209.04281195336,-100.663039700817,0.));
#2982=CARTESIAN_POINT('',(209.04281195336,-100.663039700817,0.));
#2983=CARTESIAN_POINT('Origin',(209.04281195336,-96.963039700817,0.));
#2984=CARTESIAN_POINT('',(212.74281195336,-96.9630397008171,0.));
#2985=CARTESIAN_POINT('',(212.74281195336,-96.9630397008171,0.));
#2986=CARTESIAN_POINT('Origin',(209.04281195336,-96.963039700817,0.));
#2987=CARTESIAN_POINT('Origin',(212.74281195336,-88.5149598198219,0.));
#2988=CARTESIAN_POINT('',(212.74281195336,-88.5149598198219,0.));
#2989=CARTESIAN_POINT('Origin',(207.699871805022,-92.7389997603194,0.));
#2990=CARTESIAN_POINT('Origin',(158.614122162017,-110.700001594424,0.));
#2991=CARTESIAN_POINT('',(154.914122162017,-110.700001594424,0.));
#2992=CARTESIAN_POINT('',(154.914122162017,-110.700001594424,0.));
#2993=CARTESIAN_POINT('',(158.614122162017,-107.000001594424,0.));
#2994=CARTESIAN_POINT('Origin',(158.614122162017,-110.700001594424,0.));
#2995=CARTESIAN_POINT('',(158.614122162017,-107.000001594424,0.));
#2996=CARTESIAN_POINT('Origin',(154.914122162017,-116.300001788139,0.));
#2997=CARTESIAN_POINT('',(154.914122162017,-116.300001788139,0.));
#2998=CARTESIAN_POINT('',(154.914122162017,-116.300001788139,0.));
#2999=CARTESIAN_POINT('',(154.914122162017,-116.300001788139,0.));
#3000=CARTESIAN_POINT('Origin',(158.614122162017,-116.300001788139,0.));
#3001=CARTESIAN_POINT('',(158.614122162017,-120.000001788139,0.));
#3002=CARTESIAN_POINT('',(158.614122162017,-120.000001788139,0.));
#3003=CARTESIAN_POINT('Origin',(158.614122162017,-116.300001788139,0.));
#3004=CARTESIAN_POINT('Origin',(161.300002458692,-120.000001788139,0.));
#3005=CARTESIAN_POINT('',(161.300002458692,-120.000001788139,0.));
#3006=CARTESIAN_POINT('',(161.300002458692,-120.000001788139,0.));
#3007=CARTESIAN_POINT('',(161.300002458692,-120.000001788139,0.));
#3008=CARTESIAN_POINT('Origin',(161.300002458692,-116.300001788139,0.));
#3009=CARTESIAN_POINT('',(165.000002458692,-116.300001788139,0.));
#3010=CARTESIAN_POINT('',(165.000002458692,-116.300001788139,0.));
#3011=CARTESIAN_POINT('Origin',(161.300002458692,-116.300001788139,0.));
#3012=CARTESIAN_POINT('Origin',(165.000002458692,-110.700001594424,0.));
#3013=CARTESIAN_POINT('',(165.000002458692,-110.700001594424,0.));
#3014=CARTESIAN_POINT('',(165.000002458692,-110.700001594424,0.));
#3015=CARTESIAN_POINT('',(165.000002458692,-110.700001594424,0.));
#3016=CARTESIAN_POINT('Origin',(161.300002458692,-110.700001594424,0.));
#3017=CARTESIAN_POINT('',(161.300002458692,-107.000001594424,0.));
#3018=CARTESIAN_POINT('',(161.300002458692,-107.000001594424,0.));
#3019=CARTESIAN_POINT('Origin',(161.300002458692,-110.700001594424,0.));
#3020=CARTESIAN_POINT('Origin',(158.614122162017,-107.000001594424,0.));
#3021=CARTESIAN_POINT('',(158.614122162017,-107.000001594424,0.));
#3022=CARTESIAN_POINT('Origin',(159.957062310355,-113.500001691282,0.));
#3023=CARTESIAN_POINT('Origin',(217.986781497625,-118.316892174414,0.));
#3024=CARTESIAN_POINT('',(221.686781497625,-118.316892174414,0.));
#3025=CARTESIAN_POINT('',(221.686781497625,-118.316892174414,0.));
#3026=CARTESIAN_POINT('',(217.986781497625,-122.016892174414,0.));
#3027=CARTESIAN_POINT('Origin',(217.986781497625,-118.316892174414,0.));
#3028=CARTESIAN_POINT('',(217.986781497625,-122.016892174414,0.));
#3029=CARTESIAN_POINT('Origin',(221.686781497625,-114.157916753628,0.));
#3030=CARTESIAN_POINT('',(221.686781497625,-114.157916753628,0.));
#3031=CARTESIAN_POINT('',(221.686781497625,-114.157916753628,0.));
#3032=CARTESIAN_POINT('',(221.686781497625,-114.157916753628,0.));
#3033=CARTESIAN_POINT('Origin',(217.986781497625,-114.157916753628,0.));
#3034=CARTESIAN_POINT('',(217.986781497625,-110.457916753628,0.));
#3035=CARTESIAN_POINT('',(217.986781497625,-110.457916753628,0.));
#3036=CARTESIAN_POINT('Origin',(217.986781497625,-114.157916753628,0.));
#3037=CARTESIAN_POINT('Origin',(205.332622295471,-110.457916753628,0.));
#3038=CARTESIAN_POINT('',(205.332622295471,-110.457916753628,0.));
#3039=CARTESIAN_POINT('',(205.332622295471,-110.457916753628,0.));
#3040=CARTESIAN_POINT('',(205.332622295471,-110.457916753628,0.));
#3041=CARTESIAN_POINT('Origin',(205.332622295471,-114.157916753628,0.));
#3042=CARTESIAN_POINT('',(201.632622295471,-114.157916753628,0.));
#3043=CARTESIAN_POINT('',(201.632622295471,-114.157916753628,0.));
#3044=CARTESIAN_POINT('Origin',(205.332622295471,-114.157916753628,0.));
#3045=CARTESIAN_POINT('Origin',(201.632622295471,-118.316892174414,0.));
#3046=CARTESIAN_POINT('',(201.632622295471,-118.316892174414,0.));
#3047=CARTESIAN_POINT('',(201.632622295471,-118.316892174414,0.));
#3048=CARTESIAN_POINT('',(201.632622295471,-118.316892174414,0.));
#3049=CARTESIAN_POINT('Origin',(205.332622295471,-118.316892174414,0.));
#3050=CARTESIAN_POINT('',(205.332622295471,-122.016892174414,0.));
#3051=CARTESIAN_POINT('',(205.332622295471,-122.016892174414,0.));
#3052=CARTESIAN_POINT('Origin',(205.332622295471,-118.316892174414,0.));
#3053=CARTESIAN_POINT('Origin',(217.986781497625,-122.016892174414,0.));
#3054=CARTESIAN_POINT('',(217.986781497625,-122.016892174414,0.));
#3055=CARTESIAN_POINT('Origin',(211.659701896548,-116.237404464021,0.));
#3056=CARTESIAN_POINT('Origin',(185.140623276075,-98.6143884418525,0.));
#3057=CARTESIAN_POINT('',(185.140623276075,-102.314388441852,0.));
#3058=CARTESIAN_POINT('',(185.140623276075,-102.314388441852,0.));
#3059=CARTESIAN_POINT('',(181.440623276075,-98.6143884418525,0.));
#3060=CARTESIAN_POINT('Origin',(185.140623276075,-98.6143884418525,0.));
#3061=CARTESIAN_POINT('',(181.440623276075,-98.6143884418525,0.));
#3062=CARTESIAN_POINT('Origin',(187.826503572749,-102.314388441852,0.));
#3063=CARTESIAN_POINT('',(187.826503572749,-102.314388441852,0.));
#3064=CARTESIAN_POINT('',(187.826503572749,-102.314388441852,0.));
#3065=CARTESIAN_POINT('',(187.826503572749,-102.314388441852,0.));
#3066=CARTESIAN_POINT('Origin',(187.826503572749,-98.6143884418524,0.));
#3067=CARTESIAN_POINT('',(191.526503572749,-98.6143884418525,0.));
#3068=CARTESIAN_POINT('',(191.526503572749,-98.6143884418525,0.));
#3069=CARTESIAN_POINT('Origin',(187.826503572749,-98.6143884418524,0.));
#3070=CARTESIAN_POINT('Origin',(191.526503572749,-74.1937447006143,0.));
#3071=CARTESIAN_POINT('',(191.526503572749,-74.1937447006143,0.));
#3072=CARTESIAN_POINT('',(191.526503572749,-74.1937447006143,0.));
#3073=CARTESIAN_POINT('',(191.526503572749,-74.1937447006143,0.));
#3074=CARTESIAN_POINT('Origin',(187.826503572749,-74.1937447006143,0.));
#3075=CARTESIAN_POINT('',(187.826503572749,-70.4937447006143,0.));
#3076=CARTESIAN_POINT('',(187.826503572749,-70.4937447006143,0.));
#3077=CARTESIAN_POINT('Origin',(187.826503572749,-74.1937447006143,0.));
#3078=CARTESIAN_POINT('Origin',(185.140623276075,-70.4937447006143,0.));
#3079=CARTESIAN_POINT('',(185.140623276075,-70.4937447006143,0.));
#3080=CARTESIAN_POINT('',(185.140623276075,-70.4937447006143,0.));
#3081=CARTESIAN_POINT('',(185.140623276075,-70.4937447006143,0.));
#3082=CARTESIAN_POINT('Origin',(185.140623276075,-74.1937447006143,0.));
#3083=CARTESIAN_POINT('',(181.440623276075,-74.1937447006143,0.));
#3084=CARTESIAN_POINT('',(181.440623276075,-74.1937447006143,0.));
#3085=CARTESIAN_POINT('Origin',(185.140623276075,-74.1937447006143,0.));
#3086=CARTESIAN_POINT('Origin',(181.440623276075,-98.6143884418525,0.));
#3087=CARTESIAN_POINT('',(181.440623276075,-98.6143884418525,0.));
#3088=CARTESIAN_POINT('Origin',(186.483563424412,-86.4040665712334,0.));
#3089=CARTESIAN_POINT('Origin',(226.85,-125.024645640348,0.));
#3090=CARTESIAN_POINT('',(226.85,-125.024645640348,0.));
#3091=CARTESIAN_POINT('',(226.85,-86.6925896374519,0.));
#3092=CARTESIAN_POINT('Origin',(155.518111072982,-125.075217854168,0.));
#3093=CARTESIAN_POINT('',(155.518111072982,-125.075217854168,0.));
#3094=CARTESIAN_POINT('Origin',(144.75,-114.307106781187,0.));
#3095=CARTESIAN_POINT('',(144.75,-114.307106781187,0.));
#3096=CARTESIAN_POINT('Origin',(144.75,-75.1928932188134,0.));
#3097=CARTESIAN_POINT('',(144.75,-75.1928932188134,0.));
#3098=CARTESIAN_POINT('Origin',(151.592893218813,-68.35,0.));
#3099=CARTESIAN_POINT('',(151.592893218813,-68.35,0.));
#3100=CARTESIAN_POINT('Origin',(167.684116541832,-68.35,0.));
#3101=CARTESIAN_POINT('',(167.684116541832,-68.35,0.));
#3102=CARTESIAN_POINT('Origin',(173.384116541832,-62.3,0.));
#3103=CARTESIAN_POINT('',(173.384116541832,-62.3,0.));
#3104=CARTESIAN_POINT('Origin',(202.406803330105,-62.3,0.));
#3105=CARTESIAN_POINT('',(202.406803330105,-62.3,0.));
#3106=CARTESIAN_POINT('Origin',(226.85,-86.6925896374519,0.));
#3107=CARTESIAN_POINT('Origin',(172.520582709158,-60.3,-3.));
#3108=UNCERTAINTY_MEASURE_WITH_UNIT(LENGTH_MEASURE(0.01),#3112,
'DISTANCE_ACCURACY_VALUE',
'Maximum model space distance between geometric entities at asserted c
onnectivities');
#3109=UNCERTAINTY_MEASURE_WITH_UNIT(LENGTH_MEASURE(0.01),#3112,
'DISTANCE_ACCURACY_VALUE',
'Maximum model space distance between geometric entities at asserted c
onnectivities');
#3110=(
GEOMETRIC_REPRESENTATION_CONTEXT(3)
GLOBAL_UNCERTAINTY_ASSIGNED_CONTEXT((#3108))
GLOBAL_UNIT_ASSIGNED_CONTEXT((#3112,#3113,#3114))
REPRESENTATION_CONTEXT('','3D')
);
#3111=(
GEOMETRIC_REPRESENTATION_CONTEXT(3)
GLOBAL_UNCERTAINTY_ASSIGNED_CONTEXT((#3109))
GLOBAL_UNIT_ASSIGNED_CONTEXT((#3112,#3113,#3114))
REPRESENTATION_CONTEXT('','3D')
);
#3112=(
LENGTH_UNIT()
NAMED_UNIT(*)
SI_UNIT(.MILLI.,.METRE.)
);
#3113=(
NAMED_UNIT(*)
PLANE_ANGLE_UNIT()
SI_UNIT($,.RADIAN.)
);
#3114=(
NAMED_UNIT(*)
SI_UNIT($,.STERADIAN.)
SOLID_ANGLE_UNIT()
);
#3115=SHAPE_DEFINITION_REPRESENTATION(#3116,#3117);
#3116=PRODUCT_DEFINITION_SHAPE('',$,#3119);
#3117=SHAPE_REPRESENTATION('',(#1840),#3110);
#3118=PRODUCT_DEFINITION_CONTEXT('part definition',#3123,'design');
#3119=PRODUCT_DEFINITION('duino_PCBminer-CASE','duino_PCBminer-CASE v6',
#3120,#3118);
#3120=PRODUCT_DEFINITION_FORMATION('',$,#3125);
#3121=PRODUCT_RELATED_PRODUCT_CATEGORY('duino_PCBminer-CASE v6',
'duino_PCBminer-CASE v6',(#3125));
#3122=APPLICATION_PROTOCOL_DEFINITION('international standard',
'automotive_design',2009,#3123);
#3123=APPLICATION_CONTEXT(
'Core Data for Automotive Mechanical Design Process');
#3124=PRODUCT_CONTEXT('part definition',#3123,'mechanical');
#3125=PRODUCT('duino_PCBminer-CASE','duino_PCBminer-CASE v6',$,(#3124));
#3126=PRESENTATION_STYLE_ASSIGNMENT((#3129));
#3127=PRESENTATION_STYLE_ASSIGNMENT((#3130));
#3128=PRESENTATION_STYLE_ASSIGNMENT((#3131));
#3129=SURFACE_STYLE_USAGE(.BOTH.,#3132);
#3130=SURFACE_STYLE_USAGE(.BOTH.,#3133);
#3131=SURFACE_STYLE_USAGE(.BOTH.,#3134);
#3132=SURFACE_SIDE_STYLE('',(#3135));
#3133=SURFACE_SIDE_STYLE('',(#3136));
#3134=SURFACE_SIDE_STYLE('',(#3137));
#3135=SURFACE_STYLE_FILL_AREA(#3138);
#3136=SURFACE_STYLE_FILL_AREA(#3139);
#3137=SURFACE_STYLE_FILL_AREA(#3140);
#3138=FILL_AREA_STYLE('Steel - Satin',(#3141));
#3139=FILL_AREA_STYLE('Plastic - Matte (Green)',(#3142));
#3140=FILL_AREA_STYLE('Plastic - Matte (Blue)',(#3143));
#3141=FILL_AREA_STYLE_COLOUR('Steel - Satin',#3144);
#3142=FILL_AREA_STYLE_COLOUR('Plastic - Matte (Green)',#3145);
#3143=FILL_AREA_STYLE_COLOUR('Plastic - Matte (Blue)',#3146);
#3144=COLOUR_RGB('Steel - Satin',0.627450980392157,0.627450980392157,0.627450980392157);
#3145=COLOUR_RGB('Plastic - Matte (Green)',0.266666666666667,0.588235294117647,
0.282352941176471);
#3146=COLOUR_RGB('Plastic - Matte (Blue)',0.188235294117647,0.231372549019608,
0.588235294117647);
ENDSEC;
END-ISO-10303-21;
